dt,dt_iso,timezone,city_name,lat,lon,temp,visibility,dew_point,feels_like,temp_min,temp_max,pressure,sea_level,grnd_level,humidity,wind_speed,wind_deg,wind_gust,rain_1h,rain_3h,snow_1h,snow_3h,clouds_all,weather_id,weather_main,weather_description,weather_icon
283996800,1979-01-01 00:00:00 +0000 UTC,10800,Addis Ababa,9.019194,38.752463,9.81,,6.89,9.81,9.09,10.76,1017,,,82,1.21,69,,,,,,6,800,Clear,sky is clear,01n
284000400,1979-01-01 01:00:00 +0000 UTC,10800,Addis Ababa,9.019194,38.752463,9.38,,6.99,9.06,8.53,10.3,1017,,,85,1.39,62,,,,,,3,800,Clear,sky is clear,01n
284004000,1979-01-01 02:00:00 +0000 UTC,10800,Addis Ababa,9.019194,38.752463,8.84,,6.96,8.35,7.86,9.76,1017,,,88,1.48,56,,,,,,5,800,Clear,sky is clear,01n
284007600,1979-01-01 03:00:00 +0000 UTC,10800,Addis Ababa,9.019194,38.752463,12.41,,9.06,11.8,11.36,13.28,1018,,,80,1.4,50,,,,,,12,801,Clouds,few clouds,02n
284011200,1979-01-01 04:00:00 +0000 UTC,10800,Addis Ababa,9.019194,38.752463,12.96,,9.78,12.43,11.76,14.09,1018,,,81,1.26,46,,,,,,11,801,Clouds,few clouds,02d
284014800,1979-01-01 05:00:00 +0000 UTC,10800,Addis Ababa,9.019194,38.752463,14.26,,7.55,13.41,13.27,15.4,1019,,,64,0.75,91,,,,,,15,801,Clouds,few clouds,02d
284018400,1979-01-01 06:00:00 +0000 UTC,10800,Addis Ababa,9.019194,38.752463,14.79,10000,0.62,13.32,13.86,15.27,1019,,,38,4.1,100,,,,,,0,800,Clear,sky is clear,01d
284022000,1979-01-01 07:00:00 +0000 UTC,10800,Addis Ababa,9.019194,38.752463,16.01,,6.17,15.02,14.88,17.23,1018,,,52,2.53,122,,,,,,12,801,Clouds,few clouds,02d
284025600,1979-01-01 08:00:00 +0000 UTC,10800,Addis Ababa,9.019194,38.752463,16.55,,5.81,15.54,15.51,17.7,1017,,,49,2.8,124,,,,,,12,801,Clouds,few clouds,02d
284029200,1979-01-01 09:00:00 +0000 UTC,10800,Addis Ababa,9.019194,38.752463,20.68,,6.25,19.82,19.8,21.8,1015,,,39,2.6,127,,,,,,36,802,Clouds,scattered clouds,03d
284032800,1979-01-01 10:00:00 +0000 UTC,10800,Addis Ababa,9.019194,38.752463,23.21,,6.5,22.47,22.29,24.33,1014,,,34,2.56,133,,,,,,48,802,Clouds,scattered clouds,03d
284036400,1979-01-01 11:00:00 +0000 UTC,10800,Addis Ababa,9.019194,38.752463,23.7,,6.49,22.99,22.68,24.89,1012,,,33,2.77,140,,,,,,48,802,Clouds,scattered clouds,03d
284040000,1979-01-01 12:00:00 +0000 UTC,10800,Addis Ababa,9.019194,38.752463,23.87,,6.19,23.15,22.83,25.15,1011,,,32,3.25,144,,,,,,47,802,Clouds,scattered clouds,03d
284043600,1979-01-01 13:00:00 +0000 UTC,10800,Addis Ababa,9.019194,38.752463,23.3,,6.57,22.57,22.38,24.27,1011,,,34,3.75,143,,,,,,48,802,Clouds,scattered clouds,03d
284047200,1979-01-01 14:00:00 +0000 UTC,10800,Addis Ababa,9.019194,38.752463,22.38,,7.38,21.67,21.52,23.23,1012,,,38,4.76,141,,,,,,1,800,Clear,sky is clear,01d
284050800,1979-01-01 15:00:00 +0000 UTC,10800,Addis Ababa,9.019194,38.752463,17.64,,6.2,16.69,16.94,18.2,1012,,,47,4.22,134,,,,,,22,801,Clouds,few clouds,02d
284054400,1979-01-01 16:00:00 +0000 UTC,10800,Addis Ababa,9.019194,38.752463,15.92,,6.09,14.93,15.22,16.58,1014,,,52,3.25,118,,,,,,36,802,Clouds,scattered clouds,03n
284058000,1979-01-01 17:00:00 +0000 UTC,10800,Addis Ababa,9.019194,38.752463,14.26,,6.12,13.26,13.53,14.68,1015,,,58,2,98,,,,,,32,802,Clouds,scattered clouds,03n
284061600,1979-01-01 18:00:00 +0000 UTC,10800,Addis Ababa,9.019194,38.752463,13.08,,6.43,12.11,12.06,13.7,1016,,,64,2.02,81,,,,,,27,802,Clouds,scattered clouds,03n
284065200,1979-01-01 19:00:00 +0000 UTC,10800,Addis Ababa,9.019194,38.752463,12.25,,6.31,11.28,11.31,13.1,1017,,,67,2.17,72,,,,,,21,801,Clouds,few clouds,02n
284068800,1979-01-01 20:00:00 +0000 UTC,10800,Addis Ababa,9.019194,38.752463,11.44,,6.17,10.47,10.58,12.1,1017,,,70,2.09,76,,,,,,16,801,Clouds,few clouds,02n
284072400,1979-01-01 21:00:00 +0000 UTC,10800,Addis Ababa,9.019194,38.752463,11.01,,6.36,10.07,9.89,11.75,1017,,,73,2.14,90,,,,,,15,801,Clouds,few clouds,02n
284076000,1979-01-01 22:00:00 +0000 UTC,10800,Addis Ababa,9.019194,38.752463,9.52,,5.51,8.8,8.64,10.15,1017,,,76,1.81,104,,,,,,17,801,Clouds,few clouds,02n
284079600,1979-01-01 23:00:00 +0000 UTC,10800,Addis Ababa,9.019194,38.752463,9.13,,5.32,8.46,8.42,9.8,1017,,,77,1.69,100,,,,,,25,802,Clouds,scattered clouds,03n
284083200,1979-01-02 00:00:00 +0000 UTC,10800,Addis Ababa,9.019194,38.752463,9.05,,5.05,8.64,8.44,9.88,1016,,,76,1.43,85,,,,,,20,801,Clouds,few clouds,02n
284086800,1979-01-02 01:00:00 +0000 UTC,10800,Addis Ababa,9.019194,38.752463,9.08,,5.08,9.08,8.46,9.91,1016,,,76,1.25,76,,,,,,28,802,Clouds,scattered clouds,03n
284090400,1979-01-02 02:00:00 +0000 UTC,10800,Addis Ababa,9.019194,38.752463,9.11,,5.3,9.11,8.4,9.9,1017,,,77,1.21,72,,,,,,29,802,Clouds,scattered clouds,03n
284094000,1979-01-02 03:00:00 +0000 UTC,10800,Addis Ababa,9.019194,38.752463,12.36,,8.83,11.71,11.68,13.09,1017,,,79,1.08,72,,,,,,22,801,Clouds,few clouds,02n
284097600,1979-01-02 04:00:00 +0000 UTC,10800,Addis Ababa,9.019194,38.752463,11.61,,8.46,10.94,10.77,12.39,1018,,,81,1.15,76,,,,,,11,801,Clouds,few clouds,02d
284101200,1979-01-02 05:00:00 +0000 UTC,10800,Addis Ababa,9.019194,38.752463,14.04,,6.64,13.09,13.12,15.08,1018,,,61,0.9,99,,,,,,3,800,Clear,sky is clear,01d
284104800,1979-01-02 06:00:00 +0000 UTC,10800,Addis Ababa,9.019194,38.752463,15.39,10000,1.16,13.98,14.83,16.16,1018,,,38,5.1,90,,,,,,20,801,Clouds,few clouds,02d
284108400,1979-01-02 07:00:00 +0000 UTC,10800,Addis Ababa,9.019194,38.752463,15.73,,4.46,14.59,14.59,16.95,1017,,,47,2.36,127,,,,,,5,800,Clear,sky is clear,01d
284112000,1979-01-02 08:00:00 +0000 UTC,10800,Addis Ababa,9.019194,38.752463,16.12,,4.51,14.99,15.03,17.32,1016,,,46,2.52,134,,,,,,2,800,Clear,sky is clear,01d
284115600,1979-01-02 09:00:00 +0000 UTC,10800,Addis Ababa,9.019194,38.752463,20.1,,4.97,19.13,19.54,20.64,1015,,,37,2.35,138,,,,,,1,800,Clear,sky is clear,01d
284119200,1979-01-02 10:00:00 +0000 UTC,10800,Addis Ababa,9.019194,38.752463,21.59,,5.49,20.72,20.64,22.75,1013,,,35,1.93,145,,,,,,2,800,Clear,sky is clear,01d
284122800,1979-01-02 11:00:00 +0000 UTC,10800,Addis Ababa,9.019194,38.752463,22.13,,5.12,21.26,21.16,23.43,1012,,,33,2.14,146,,,,,,45,802,Clouds,scattered clouds,03d
284126400,1979-01-02 12:00:00 +0000 UTC,10800,Addis Ababa,9.019194,38.752463,22.09,,4.19,21.16,21.55,22.71,1011,,,31,2.63,149,,,,,,37,802,Clouds,scattered clouds,03d
284130000,1979-01-02 13:00:00 +0000 UTC,10800,Addis Ababa,9.019194,38.752463,22.22,,4.3,21.31,21.31,23.39,1011,,,31,3.17,149,,,,,,54,803,Clouds,broken clouds,04d
284133600,1979-01-02 14:00:00 +0000 UTC,10800,Addis Ababa,9.019194,38.752463,21.2,,5.15,20.29,20.31,22.05,1011,,,35,4.35,142,,,,,,26,802,Clouds,scattered clouds,03d
284137200,1979-01-02 15:00:00 +0000 UTC,10800,Addis Ababa,9.019194,38.752463,18.05,,4.26,16.95,17.16,18.91,1012,,,40,4.4,134,,,,,,25,802,Clouds,scattered clouds,03d
284140800,1979-01-02 16:00:00 +0000 UTC,10800,Addis Ababa,9.019194,38.752463,16.01,,4.09,14.84,15.3,16.52,1014,,,45,3.71,118,,,,,,33,802,Clouds,scattered clouds,03n
284144400,1979-01-02 17:00:00 +0000 UTC,10800,Addis Ababa,9.019194,38.752463,14.72,,3.83,13.5,14.11,15.19,1015,,,48,2.19,97,,,,,,26,802,Clouds,scattered clouds,03n
284148000,1979-01-02 18:00:00 +0000 UTC,10800,Addis Ababa,9.019194,38.752463,13.44,,4.33,12.25,12.41,14.04,1016,,,54,1.99,87,,,,,,8,800,Clear,sky is clear,01n
284151600,1979-01-02 19:00:00 +0000 UTC,10800,Addis Ababa,9.019194,38.752463,12.48,,4.45,11.3,11.49,13.16,1016,,,58,2.11,82,,,,,,27,802,Clouds,scattered clouds,03n
284155200,1979-01-02 20:00:00 +0000 UTC,10800,Addis Ababa,9.019194,38.752463,11.64,,4.61,10.48,10.6,12.34,1017,,,62,2.1,92,,,,,,21,801,Clouds,few clouds,02n
284158800,1979-01-02 21:00:00 +0000 UTC,10800,Addis Ababa,9.019194,38.752463,11.11,,4.57,9.95,10.04,11.83,1017,,,64,2.19,99,,,,,,19,801,Clouds,few clouds,02n
284162400,1979-01-02 22:00:00 +0000 UTC,10800,Addis Ababa,9.019194,38.752463,10.61,,4.53,9.45,9.59,11.31,1017,,,66,1.88,102,,,,,,34,802,Clouds,scattered clouds,03n
284166000,1979-01-02 23:00:00 +0000 UTC,10800,Addis Ababa,9.019194,38.752463,10.28,,4.85,9.17,9.22,10.98,1017,,,69,1.77,99,,,,,,30,802,Clouds,scattered clouds,03n
284169600,1979-01-03 00:00:00 +0000 UTC,10800,Addis Ababa,9.019194,38.752463,7.65,,2.33,6.88,6.76,8.28,1017,,,69,1.58,93,,,,,,38,802,Clouds,scattered clouds,03n
284173200,1979-01-03 01:00:00 +0000 UTC,10800,Addis Ababa,9.019194,38.752463,7.33,,2.03,6.52,6.68,7.94,1017,,,69,1.57,99,,,,,,15,801,Clouds,few clouds,02n
284176800,1979-01-03 02:00:00 +0000 UTC,10800,Addis Ababa,9.019194,38.752463,6.85,,2.16,5.86,6.39,7.52,1017,,,72,1.67,103,,,,,,3,800,Clear,sky is clear,01n
284180400,1979-01-03 03:00:00 +0000 UTC,10800,Addis Ababa,9.019194,38.752463,8.25,,3.7,7.47,7.74,8.93,1018,,,73,1.67,99,,,,,,1,800,Clear,sky is clear,01n
284184000,1979-01-03 04:00:00 +0000 UTC,10800,Addis Ababa,9.019194,38.752463,8.08,,4.11,7.26,7.39,8.78,1019,,,76,1.68,88,,,,,,2,800,Clear,sky is clear,01d
284187600,1979-01-03 05:00:00 +0000 UTC,10800,Addis Ababa,9.019194,38.752463,12.06,,5.24,10.97,11.25,12.97,1019,,,63,1.25,106,,,,,,2,800,Clear,sky is clear,01d
284191200,1979-01-03 06:00:00 +0000 UTC,10800,Addis Ababa,9.019194,38.752463,14.5,,5.84,13.47,13.52,15.5,1019,,,56,2.52,115,,,,,,2,800,Clear,sky is clear,01d
284194800,1979-01-03 07:00:00 +0000 UTC,10800,Addis Ababa,9.019194,38.752463,15.58,,5.77,14.55,14.59,16.61,1018,,,52,3.61,122,,,,,,1,800,Clear,sky is clear,01d
284198400,1979-01-03 08:00:00 +0000 UTC,10800,Addis Ababa,9.019194,38.752463,15.97,,5.57,14.93,15.05,16.99,1017,,,50,3.79,128,,,,,,1,800,Clear,sky is clear,01d
284202000,1979-01-03 09:00:00 +0000 UTC,10800,Addis Ababa,9.019194,38.752463,20.02,,6.38,19.15,19.11,21.1,1015,,,41,3.39,129,,,,,,34,802,Clouds,scattered clouds,03d
284205600,1979-01-03 10:00:00 +0000 UTC,10800,Addis Ababa,9.019194,38.752463,23.29,,7.8,22.64,22.43,24.21,1014,,,37,2.73,135,,,,,,57,803,Clouds,broken clouds,04d
284209200,1979-01-03 11:00:00 +0000 UTC,10800,Addis Ababa,9.019194,38.752463,23.87,,7.5,23.23,22.88,24.81,1013,,,35,2.64,143,,,,,,65,803,Clouds,broken clouds,04d
284212800,1979-01-03 12:00:00 +0000 UTC,10800,Addis Ababa,9.019194,38.752463,23.81,,7.44,23.16,22.71,24.86,1012,,,35,2.67,150,,,,,,76,803,Clouds,broken clouds,04d
284216400,1979-01-03 13:00:00 +0000 UTC,10800,Addis Ababa,9.019194,38.752463,23.82,,7.03,23.15,22.82,24.7,1012,,,34,2.99,155,,,,,,67,803,Clouds,broken clouds,04d
284220000,1979-01-03 14:00:00 +0000 UTC,10800,Addis Ababa,9.019194,38.752463,23.36,,7.05,22.67,22.52,24.01,1012,,,35,3.91,153,,,,,,1,800,Clear,sky is clear,01d
284223600,1979-01-03 15:00:00 +0000 UTC,10800,Addis Ababa,9.019194,38.752463,18.28,,5.16,17.26,17.47,18.89,1013,,,42,4.04,140,,,,,,5,800,Clear,sky is clear,01d
284227200,1979-01-03 16:00:00 +0000 UTC,10800,Addis Ababa,9.019194,38.752463,16.57,,5.53,15.54,15.67,17.19,1014,,,48,3.36,120,,,,,,20,801,Clouds,few clouds,02n
284230800,1979-01-03 17:00:00 +0000 UTC,10800,Addis Ababa,9.019194,38.752463,15.46,,6.21,14.47,14.38,16.14,1016,,,54,2.47,99,,,,,,31,802,Clouds,scattered clouds,03n
284234400,1979-01-03 18:00:00 +0000 UTC,10800,Addis Ababa,9.019194,38.752463,14.12,,6.48,13.15,13.04,14.8,1017,,,60,1.95,85,,,,,,33,802,Clouds,scattered clouds,03n
284238000,1979-01-03 19:00:00 +0000 UTC,10800,Addis Ababa,9.019194,38.752463,13.07,,6.65,12.13,11.93,13.84,1017,,,65,2.23,88,,,,,,22,801,Clouds,few clouds,02n
284241600,1979-01-03 20:00:00 +0000 UTC,10800,Addis Ababa,9.019194,38.752463,12.43,,6.48,11.48,11.47,13.24,1017,,,67,1.95,99,,,,,,24,801,Clouds,few clouds,02n
284245200,1979-01-03 21:00:00 +0000 UTC,10800,Addis Ababa,9.019194,38.752463,11.24,,6.38,10.3,10.22,12.14,1017,,,72,2.18,100,,,,,,15,801,Clouds,few clouds,02n
284248800,1979-01-03 22:00:00 +0000 UTC,10800,Addis Ababa,9.019194,38.752463,10.17,,5.55,9.15,9.01,11.04,1018,,,73,2.04,105,,,,,,36,802,Clouds,scattered clouds,03n
284252400,1979-01-03 23:00:00 +0000 UTC,10800,Addis Ababa,9.019194,38.752463,9.96,,5.55,9.31,8.86,10.92,1017,,,74,1.81,103,,,,,,20,801,Clouds,few clouds,02n
284256000,1979-01-04 00:00:00 +0000 UTC,10800,Addis Ababa,9.019194,38.752463,8.31,,4.52,7.65,7.51,9.13,1018,,,77,1.56,100,,,,,,41,802,Clouds,scattered clouds,03n
284259600,1979-01-04 01:00:00 +0000 UTC,10800,Addis Ababa,9.019194,38.752463,8.36,,4.57,7.89,7.76,9.2,1018,,,77,1.4,84,,,,,,47,802,Clouds,scattered clouds,03n
284263200,1979-01-04 02:00:00 +0000 UTC,10800,Addis Ababa,9.019194,38.752463,8.3,,4.7,8.3,7.75,9.26,1018,,,78,1.33,76,,,,,,46,802,Clouds,scattered clouds,03n
284266800,1979-01-04 03:00:00 +0000 UTC,10800,Addis Ababa,9.019194,38.752463,10.09,,7.51,9.35,9.41,10.96,1019,,,84,1.43,69,,,,,,80,803,Clouds,broken clouds,04n
284270400,1979-01-04 04:00:00 +0000 UTC,10800,Addis Ababa,9.019194,38.752463,9.95,,7.72,9.62,9.06,10.85,1019,,,86,1.47,66,,,,,,90,804,Clouds,overcast clouds,04d
284274000,1979-01-04 05:00:00 +0000 UTC,10800,Addis Ababa,9.019194,38.752463,12.04,,6.53,11.1,11.07,13.09,1020,,,69,1.24,90,,,,,,89,804,Clouds,overcast clouds,04d
284277600,1979-01-04 06:00:00 +0000 UTC,10800,Addis Ababa,9.019194,38.752463,14.95,10000,3.75,13.73,13.75,15.92,1019,,,47,7.7,100,,,,,,90,804,Clouds,overcast clouds,04d
284281200,1979-01-04 07:00:00 +0000 UTC,10800,Addis Ababa,9.019194,38.752463,15.7,,7.47,14.84,14.65,16.79,1019,,,58,3.82,118,,,,,,82,803,Clouds,broken clouds,04d
284284800,1979-01-04 08:00:00 +0000 UTC,10800,Addis Ababa,9.019194,38.752463,16.28,,6.7,15.35,15.27,17.33,1017,,,53,3.91,122,,,,,,90,804,Clouds,overcast clouds,04d
284288400,1979-01-04 09:00:00 +0000 UTC,10800,Addis Ababa,9.019194,38.752463,20.53,,6.48,19.68,19.57,21.6,1016,,,40,3.36,122,,,,,,92,804,Clouds,overcast clouds,04d
284292000,1979-01-04 10:00:00 +0000 UTC,10800,Addis Ababa,9.019194,38.752463,21.73,,6.42,20.92,20.82,22.75,1015,,,37,3.22,129,,,,,,84,803,Clouds,broken clouds,04d
284295600,1979-01-04 11:00:00 +0000 UTC,10800,Addis Ababa,9.019194,38.752463,22.44,,6.24,21.65,21.54,23.44,1013,,,35,3.51,134,,,,,,77,803,Clouds,broken clouds,04d
284299200,1979-01-04 12:00:00 +0000 UTC,10800,Addis Ababa,9.019194,38.752463,22.15,,6.39,21.36,21.31,23,1012,,,36,3.84,136,,,,,,55,803,Clouds,broken clouds,04d
284302800,1979-01-04 13:00:00 +0000 UTC,10800,Addis Ababa,9.019194,38.752463,21.5,,6.21,20.67,20.75,22.29,1012,,,37,4.01,136,,,,,,58,803,Clouds,broken clouds,04d
284306400,1979-01-04 14:00:00 +0000 UTC,10800,Addis Ababa,9.019194,38.752463,20.6,,6.18,19.73,19.87,21.2,1013,,,39,4.43,135,,,,,,24,801,Clouds,few clouds,02d
284310000,1979-01-04 15:00:00 +0000 UTC,10800,Addis Ababa,9.019194,38.752463,18.28,,5.83,17.31,17.54,18.83,1013,,,44,3.95,131,,,,,,27,802,Clouds,scattered clouds,03d
284313600,1979-01-04 16:00:00 +0000 UTC,10800,Addis Ababa,9.019194,38.752463,16.68,,5.93,15.68,15.88,17.29,1014,,,49,2.94,116,,,,,,6,800,Clear,sky is clear,01n
284317200,1979-01-04 17:00:00 +0000 UTC,10800,Addis Ababa,9.019194,38.752463,15.38,,6.4,14.41,14.55,16.06,1016,,,55,1.97,96,,,,,,17,801,Clouds,few clouds,02n
284320800,1979-01-04 18:00:00 +0000 UTC,10800,Addis Ababa,9.019194,38.752463,14.14,,6.74,13.2,13.12,14.8,1016,,,61,1.9,80,,,,,,41,802,Clouds,scattered clouds,03n
284324400,1979-01-04 19:00:00 +0000 UTC,10800,Addis Ababa,9.019194,38.752463,13.18,,6.75,12.25,12.21,13.95,1017,,,65,2.17,77,,,,,,29,802,Clouds,scattered clouds,03n
284328000,1979-01-04 20:00:00 +0000 UTC,10800,Addis Ababa,9.019194,38.752463,12.49,,6.75,11.57,11.53,13.35,1017,,,68,2.18,95,,,,,,18,801,Clouds,few clouds,02n
284331600,1979-01-04 21:00:00 +0000 UTC,10800,Addis Ababa,9.019194,38.752463,12.31,,6.79,11.4,11.3,13.22,1017,,,69,2.15,105,,,,,,22,801,Clouds,few clouds,02n
284335200,1979-01-04 22:00:00 +0000 UTC,10800,Addis Ababa,9.019194,38.752463,10.54,,5.91,9.56,9.72,11.47,1018,,,73,2.18,109,,,,,,23,801,Clouds,few clouds,02n
284338800,1979-01-04 23:00:00 +0000 UTC,10800,Addis Ababa,9.019194,38.752463,10.95,,6.5,10.03,9.85,12.17,1018,,,74,1.78,102,,,,,,36,802,Clouds,scattered clouds,03n
284342400,1979-01-05 00:00:00 +0000 UTC,10800,Addis Ababa,9.019194,38.752463,9.18,,5.36,8.46,7.99,10.4,1018,,,77,1.75,100,,,,,,31,802,Clouds,scattered clouds,03n
284346000,1979-01-05 01:00:00 +0000 UTC,10800,Addis Ababa,9.019194,38.752463,9.32,,5.69,8.87,7.96,10.78,1018,,,78,1.5,107,,,,,,58,803,Clouds,broken clouds,04n
284349600,1979-01-05 02:00:00 +0000 UTC,10800,Addis Ababa,9.019194,38.752463,9.07,,5.81,8.59,7.7,10.52,1019,,,80,1.5,100,,,,,,90,804,Clouds,overcast clouds,04n
284353200,1979-01-05 03:00:00 +0000 UTC,10800,Addis Ababa,9.019194,38.752463,8.51,,5.79,7.92,7.26,9.99,1020,,,83,1.53,90,,,,,,71,803,Clouds,broken clouds,04n
284356800,1979-01-05 04:00:00 +0000 UTC,10800,Addis Ababa,9.019194,38.752463,8.55,,6,8.55,7.21,9.98,1020,,,84,1.3,82,,,,,,43,802,Clouds,scattered clouds,03d
284360400,1979-01-05 05:00:00 +0000 UTC,10800,Addis Ababa,9.019194,38.752463,9.02,,5.58,8.4,8,10.08,1021,,,79,1.62,99,,,,,,22,801,Clouds,few clouds,02d
284364000,1979-01-05 06:00:00 +0000 UTC,10800,Addis Ababa,9.019194,38.752463,14.35,,8.31,13.59,13.28,15.42,1020,,,67,3.35,110,,,,,,20,801,Clouds,few clouds,02d
284367600,1979-01-05 07:00:00 +0000 UTC,10800,Addis Ababa,9.019194,38.752463,16.2,,7.68,15.36,15.13,17.26,1020,,,57,4.37,118,,,,,,15,801,Clouds,few clouds,02d
284371200,1979-01-05 08:00:00 +0000 UTC,10800,Addis Ababa,9.019194,38.752463,17.55,,7.02,16.67,16.66,18.59,1019,,,50,4.54,126,,,,,,20,801,Clouds,few clouds,02d
284374800,1979-01-05 09:00:00 +0000 UTC,10800,Addis Ababa,9.019194,38.752463,19.48,,6.92,18.63,18.58,20.46,1017,,,44,3.98,133,,,,,,44,802,Clouds,scattered clouds,03d
284378400,1979-01-05 10:00:00 +0000 UTC,10800,Addis Ababa,9.019194,38.752463,22.32,,7.71,21.63,21.45,23.24,1016,,,39,3.41,130,,,,,,96,804,Clouds,overcast clouds,04d
284382000,1979-01-05 11:00:00 +0000 UTC,10800,Addis Ababa,9.019194,38.752463,21.9,,7.71,21.19,20.98,22.69,1015,,,40,3.36,134,,,,,,91,804,Clouds,overcast clouds,04d
284385600,1979-01-05 12:00:00 +0000 UTC,10800,Addis Ababa,9.019194,38.752463,21.93,,7.73,21.22,20.91,22.84,1014,,,40,3.36,136,,,,,,87,804,Clouds,overcast clouds,04d
284389200,1979-01-05 13:00:00 +0000 UTC,10800,Addis Ababa,9.019194,38.752463,21.99,,7.79,21.29,20.95,23.07,1014,,,40,3.34,134,,,,,,54,803,Clouds,broken clouds,04d
284392800,1979-01-05 14:00:00 +0000 UTC,10800,Addis Ababa,9.019194,38.752463,22.14,,7.17,21.4,21.38,22.89,1014,,,38,3.63,132,,,,,,17,801,Clouds,few clouds,02d
284396400,1979-01-05 15:00:00 +0000 UTC,10800,Addis Ababa,9.019194,38.752463,17.92,,4.84,16.86,17.18,18.72,1014,,,42,3.53,125,,,,,,15,801,Clouds,few clouds,02d
284400000,1979-01-05 16:00:00 +0000 UTC,10800,Addis Ababa,9.019194,38.752463,16.18,,5.47,15.13,15.39,16.93,1016,,,49,2.93,116,,,,,,18,801,Clouds,few clouds,02n
284403600,1979-01-05 17:00:00 +0000 UTC,10800,Addis Ababa,9.019194,38.752463,15,,6.04,13.99,14.3,15.63,1017,,,55,2.14,103,,,,,,25,802,Clouds,scattered clouds,03n
284407200,1979-01-05 18:00:00 +0000 UTC,10800,Addis Ababa,9.019194,38.752463,14.1,,6.94,13.18,13.14,14.83,1018,,,62,1.8,96,,,,,,22,801,Clouds,few clouds,02n
284410800,1979-01-05 19:00:00 +0000 UTC,10800,Addis Ababa,9.019194,38.752463,12.94,,7.4,12.09,11.85,13.76,1019,,,69,1.82,98,,,,,,34,802,Clouds,scattered clouds,03n
284414400,1979-01-05 20:00:00 +0000 UTC,10800,Addis Ababa,9.019194,38.752463,12.4,,7.9,11.63,11.2,13.46,1019,,,74,1.73,104,,,,,,42,802,Clouds,scattered clouds,03n
284418000,1979-01-05 21:00:00 +0000 UTC,10800,Addis Ababa,9.019194,38.752463,11.75,,8.23,11.04,10.53,12.75,1019,,,79,1.69,104,,,,,,32,802,Clouds,scattered clouds,03n
284421600,1979-01-05 22:00:00 +0000 UTC,10800,Addis Ababa,9.019194,38.752463,11.21,,8.61,10.58,9.79,12.38,1019,,,84,1.49,110,,,,,,34,802,Clouds,scattered clouds,03n
284425200,1979-01-05 23:00:00 +0000 UTC,10800,Addis Ababa,9.019194,38.752463,10.64,,8.74,10.06,9.32,11.78,1019,,,88,1.5,89,,,,,,71,803,Clouds,broken clouds,04n
284428800,1979-01-06 00:00:00 +0000 UTC,10800,Addis Ababa,9.019194,38.752463,9.9,,8.66,9.64,8.6,11,1019,,,92,1.4,79,,,,,,87,804,Clouds,overcast clouds,04n
284432400,1979-01-06 01:00:00 +0000 UTC,10800,Addis Ababa,9.019194,38.752463,9.58,,8.51,9.58,8.32,10.74,1019,,,93,1.01,75,,,,,,87,804,Clouds,overcast clouds,04n
284436000,1979-01-06 02:00:00 +0000 UTC,10800,Addis Ababa,9.019194,38.752463,9.76,,8.68,9.76,8.65,10.84,1020,,,93,0.9,64,,,,,,88,804,Clouds,overcast clouds,04n
284439600,1979-01-06 03:00:00 +0000 UTC,10800,Addis Ababa,9.019194,38.752463,11.62,,9.36,11.08,10.4,12.83,1020,,,86,1.03,62,,,,,,91,804,Clouds,overcast clouds,04n
284443200,1979-01-06 04:00:00 +0000 UTC,10800,Addis Ababa,9.019194,38.752463,11.77,,9.51,11.25,10.44,13.06,1021,,,86,1.2,78,,,,,,36,802,Clouds,scattered clouds,03d
284446800,1979-01-06 05:00:00 +0000 UTC,10800,Addis Ababa,9.019194,38.752463,12.46,,8.92,11.82,11.55,13.39,1021,,,79,1.33,96,,,,,,18,801,Clouds,few clouds,02d
284450400,1979-01-06 06:00:00 +0000 UTC,10800,Addis Ababa,9.019194,38.752463,13.53,10000,6.4,12.56,12.5,14.44,1021,,,62,7.2,110,,,,,,40,802,Clouds,scattered clouds,03d
284454000,1979-01-06 07:00:00 +0000 UTC,10800,Addis Ababa,9.019194,38.752463,14.39,,7.45,13.53,13.46,15.47,1020,,,63,4.26,116,,,,,,36,802,Clouds,scattered clouds,03d
284457600,1979-01-06 08:00:00 +0000 UTC,10800,Addis Ababa,9.019194,38.752463,14.96,,7.02,14.05,13.95,16.17,1019,,,59,4.13,121,,,,,,48,802,Clouds,scattered clouds,03d
284461200,1979-01-06 09:00:00 +0000 UTC,10800,Addis Ababa,9.019194,38.752463,18.82,,7.59,18.01,17.67,20.03,1018,,,48,3.9,122,,,,,,68,803,Clouds,broken clouds,04d
284464800,1979-01-06 10:00:00 +0000 UTC,10800,Addis Ababa,9.019194,38.752463,19.89,,7.29,19.08,18.91,21.14,1016,,,44,3.69,127,,,,,,72,803,Clouds,broken clouds,04d
284468400,1979-01-06 11:00:00 +0000 UTC,10800,Addis Ababa,9.019194,38.752463,20.36,,6.69,19.52,19.56,21.36,1014,,,41,3.32,130,,,,,,63,803,Clouds,broken clouds,04d
284472000,1979-01-06 12:00:00 +0000 UTC,10800,Addis Ababa,9.019194,38.752463,20.42,,6.38,19.56,19.66,21.3,1014,,,40,3.35,132,,,,,,33,802,Clouds,scattered clouds,03d
284475600,1979-01-06 13:00:00 +0000 UTC,10800,Addis Ababa,9.019194,38.752463,20.18,,6.17,19.3,19.29,21.21,1013,,,40,3.65,130,,,,,,26,802,Clouds,scattered clouds,03d
284479200,1979-01-06 14:00:00 +0000 UTC,10800,Addis Ababa,9.019194,38.752463,19.4,,6.17,18.49,18.67,20.22,1014,,,42,4.13,123,,,,,,59,803,Clouds,broken clouds,04d
284482800,1979-01-06 15:00:00 +0000 UTC,10800,Addis Ababa,9.019194,38.752463,17.42,,6.9,16.52,16.59,18.14,1015,,,50,4.01,124,,,,,,51,803,Clouds,broken clouds,04d
284486400,1979-01-06 16:00:00 +0000 UTC,10800,Addis Ababa,9.019194,38.752463,15.92,,8.17,15.13,14.97,16.92,1017,,,60,3.72,116,,,,,,52,803,Clouds,broken clouds,04n
284490000,1979-01-06 17:00:00 +0000 UTC,10800,Addis Ababa,9.019194,38.752463,14.63,,9.23,13.98,13.72,15.3,1018,,,70,2.83,110,,,,,,67,803,Clouds,broken clouds,04n
284493600,1979-01-06 18:00:00 +0000 UTC,10800,Addis Ababa,9.019194,38.752463,13.61,,9.85,13.06,12.65,14.25,1019,,,78,1.91,105,,,,,,90,804,Clouds,overcast clouds,04n
284497200,1979-01-06 19:00:00 +0000 UTC,10800,Addis Ababa,9.019194,38.752463,12.91,,9.91,12.4,12.05,13.57,1020,,,82,1.97,108,,,,,,93,804,Clouds,overcast clouds,04n
284500800,1979-01-06 20:00:00 +0000 UTC,10800,Addis Ababa,9.019194,38.752463,12.63,,10.18,12.17,11.71,13.33,1020,,,85,1.69,110,,,,,,83,803,Clouds,broken clouds,04n
284504400,1979-01-06 21:00:00 +0000 UTC,10800,Addis Ababa,9.019194,38.752463,12.13,,10.37,11.72,10.99,12.91,1020,,,89,1.86,106,,,,,,82,803,Clouds,broken clouds,04n
284508000,1979-01-06 22:00:00 +0000 UTC,10800,Addis Ababa,9.019194,38.752463,12.24,,9.79,11.74,11.41,12.89,1020,,,85,1.56,117,,,,,,69,803,Clouds,broken clouds,04n
284511600,1979-01-06 23:00:00 +0000 UTC,10800,Addis Ababa,9.019194,38.752463,11.39,,9.81,10.93,10.55,12.14,1019,,,90,1.18,112,,,,,,30,802,Clouds,scattered clouds,03n
284515200,1979-01-07 00:00:00 +0000 UTC,10800,Addis Ababa,9.019194,38.752463,10.98,,9.89,10.56,9.99,11.98,1020,,,93,1.14,107,,,,,,38,802,Clouds,scattered clouds,03n
284518800,1979-01-07 01:00:00 +0000 UTC,10800,Addis Ababa,9.019194,38.752463,11.03,,9.94,10.62,10.12,12.07,1019,,,93,1.26,104,,,,,,78,803,Clouds,broken clouds,04n
284522400,1979-01-07 02:00:00 +0000 UTC,10800,Addis Ababa,9.019194,38.752463,10.62,,9.85,10.22,9.6,11.81,1020,,,95,1.21,97,,,,,,75,803,Clouds,broken clouds,04n
284526000,1979-01-07 03:00:00 +0000 UTC,10800,Addis Ababa,9.019194,38.752463,11.05,,9.8,10.61,10.12,12.2,1021,,,92,1.31,94,,,,,,75,803,Clouds,broken clouds,04n
284529600,1979-01-07 04:00:00 +0000 UTC,10800,Addis Ababa,9.019194,38.752463,11.11,,9.86,10.68,10.19,12.28,1021,,,92,1.21,98,,,,,,73,803,Clouds,broken clouds,04d
284533200,1979-01-07 05:00:00 +0000 UTC,10800,Addis Ababa,9.019194,38.752463,11.96,,9.69,11.46,11.08,13.09,1022,,,86,1.97,103,,,,,,80,803,Clouds,broken clouds,04d
284536800,1979-01-07 06:00:00 +0000 UTC,10800,Addis Ababa,9.019194,38.752463,13.83,,9.68,13.25,12.83,15.02,1021,,,76,2.92,108,,,,,,86,804,Clouds,overcast clouds,04d
284540400,1979-01-07 07:00:00 +0000 UTC,10800,Addis Ababa,9.019194,38.752463,15.76,,9.2,15.09,14.7,16.93,1021,,,65,3.93,111,,,,,,68,803,Clouds,broken clouds,04d
284544000,1979-01-07 08:00:00 +0000 UTC,10800,Addis Ababa,9.019194,38.752463,16.66,,8.87,15.95,15.53,17.95,1019,,,60,4.04,120,,,,,,58,803,Clouds,broken clouds,04d
284547600,1979-01-07 09:00:00 +0000 UTC,10800,Addis Ababa,9.019194,38.752463,18.25,,8.8,17.54,17.11,19.69,1018,,,54,4.05,128,,,,,,70,803,Clouds,broken clouds,04d
284551200,1979-01-07 10:00:00 +0000 UTC,10800,Addis Ababa,9.019194,38.752463,20.54,,7.88,19.8,19.59,21.76,1017,,,44,3.6,133,,,,,,53,803,Clouds,broken clouds,04d
284554800,1979-01-07 11:00:00 +0000 UTC,10800,Addis Ababa,9.019194,38.752463,20.66,,7.99,19.93,19.73,21.73,1016,,,44,3.81,132,,0.18,,,,34,500,Rain,light rain,10d
284558400,1979-01-07 12:00:00 +0000 UTC,10800,Addis Ababa,9.019194,38.752463,20.81,,8.12,20.1,20.02,21.88,1015,,,44,4.24,131,,,,,,41,802,Clouds,scattered clouds,03d
284562000,1979-01-07 13:00:00 +0000 UTC,10800,Addis Ababa,9.019194,38.752463,21.02,,8.64,20.35,20.15,21.99,1015,,,45,4.24,124,,,,,,55,803,Clouds,broken clouds,04d
284565600,1979-01-07 14:00:00 +0000 UTC,10800,Addis Ababa,9.019194,38.752463,20.57,,9.5,19.96,19.68,21.53,1015,,,49,4.49,117,,,,,,78,803,Clouds,broken clouds,04d
284569200,1979-01-07 15:00:00 +0000 UTC,10800,Addis Ababa,9.019194,38.752463,15.9,,9.34,15.24,15.09,16.64,1016,,,65,4.12,117,,,,,,84,803,Clouds,broken clouds,04d
284572800,1979-01-07 16:00:00 +0000 UTC,10800,Addis Ababa,9.019194,38.752463,14.94,,9.94,14.37,14.03,15.75,1018,,,72,3.38,116,,,,,,94,804,Clouds,overcast clouds,04n
284576400,1979-01-07 17:00:00 +0000 UTC,10800,Addis Ababa,9.019194,38.752463,13.89,,10.12,13.37,13.03,14.56,1019,,,78,2.01,108,,,,,,91,804,Clouds,overcast clouds,04n
284580000,1979-01-07 18:00:00 +0000 UTC,10800,Addis Ababa,9.019194,38.752463,13.76,,10.37,13.28,12.85,14.4,1020,,,80,1.71,106,,,,,,83,803,Clouds,broken clouds,04n
284583600,1979-01-07 19:00:00 +0000 UTC,10800,Addis Ababa,9.019194,38.752463,12.97,,10.51,12.54,11.98,13.65,1020,,,85,1.55,107,,,,,,58,803,Clouds,broken clouds,04n
284587200,1979-01-07 20:00:00 +0000 UTC,10800,Addis Ababa,9.019194,38.752463,12.42,,10.49,12.02,11.33,13.21,1020,,,88,1.56,109,,,,,,53,803,Clouds,broken clouds,04n
284590800,1979-01-07 21:00:00 +0000 UTC,10800,Addis Ababa,9.019194,38.752463,11.9,,10.31,11.5,11.05,12.64,1020,,,90,1.27,102,,,,,,58,803,Clouds,broken clouds,04n
284594400,1979-01-07 22:00:00 +0000 UTC,10800,Addis Ababa,9.019194,38.752463,11.86,,10.11,11.43,10.75,12.72,1020,,,89,1.2,87,,,,,,36,802,Clouds,scattered clouds,03n
284598000,1979-01-07 23:00:00 +0000 UTC,10800,Addis Ababa,9.019194,38.752463,11.76,,10.01,11.32,10.71,12.69,1019,,,89,0.96,87,,,,,,48,802,Clouds,scattered clouds,03n
284601600,1979-01-08 00:00:00 +0000 UTC,10800,Addis Ababa,9.019194,38.752463,11.67,,9.92,11.22,10.7,12.6,1019,,,89,0.86,82,,,,,,68,803,Clouds,broken clouds,04n
284605200,1979-01-08 01:00:00 +0000 UTC,10800,Addis Ababa,9.019194,38.752463,11.85,,9.76,11.36,11.06,12.74,1019,,,87,0.83,100,,,,,,69,803,Clouds,broken clouds,04n
284608800,1979-01-08 02:00:00 +0000 UTC,10800,Addis Ababa,9.019194,38.752463,11.9,,9.98,11.44,10.94,12.84,1020,,,88,0.9,109,,,,,,71,803,Clouds,broken clouds,04n
284612400,1979-01-08 03:00:00 +0000 UTC,10800,Addis Ababa,9.019194,38.752463,12.19,,10.09,11.74,11.17,13.17,1020,,,87,1.01,115,,,,,,68,803,Clouds,broken clouds,04n
284616000,1979-01-08 04:00:00 +0000 UTC,10800,Addis Ababa,9.019194,38.752463,11.99,,10.07,11.54,11.05,13.05,1021,,,88,1.08,107,,,,,,70,803,Clouds,broken clouds,04d
284619600,1979-01-08 05:00:00 +0000 UTC,10800,Addis Ababa,9.019194,38.752463,12.77,,9.96,12.27,11.88,13.77,1021,,,83,1.25,95,,,,,,67,803,Clouds,broken clouds,04d
284623200,1979-01-08 06:00:00 +0000 UTC,10800,Addis Ababa,9.019194,38.752463,14.02,,10.25,13.51,12.96,15.24,1021,,,78,2.34,109,,,,,,87,804,Clouds,overcast clouds,04d
284626800,1979-01-08 07:00:00 +0000 UTC,10800,Addis Ababa,9.019194,38.752463,15.62,,10.39,15.09,14.46,16.83,1020,,,71,2.92,124,,,,,,59,803,Clouds,broken clouds,04d
284630400,1979-01-08 08:00:00 +0000 UTC,10800,Addis Ababa,9.019194,38.752463,16.92,,10.53,16.39,15.72,18.24,1020,,,66,3.11,139,,,,,,59,803,Clouds,broken clouds,04d
284634000,1979-01-08 09:00:00 +0000 UTC,10800,Addis Ababa,9.019194,38.752463,18.58,,10.92,18.09,17.41,19.86,1018,,,61,3.12,145,,,,,,56,803,Clouds,broken clouds,04d
284637600,1979-01-08 10:00:00 +0000 UTC,10800,Addis Ababa,9.019194,38.752463,21.1,,10.87,20.62,20.37,21.87,1017,,,52,2.98,146,,,,,,51,803,Clouds,broken clouds,04d
284641200,1979-01-08 11:00:00 +0000 UTC,10800,Addis Ababa,9.019194,38.752463,21.05,,10.53,20.54,20.26,21.67,1016,,,51,2.96,150,,,,,,54,803,Clouds,broken clouds,04d
284644800,1979-01-08 12:00:00 +0000 UTC,10800,Addis Ababa,9.019194,38.752463,20.91,,10.41,20.39,20.15,21.45,1015,,,51,3.24,148,,,,,,69,803,Clouds,broken clouds,04d
284648400,1979-01-08 13:00:00 +0000 UTC,10800,Addis Ababa,9.019194,38.752463,21.02,,10.8,20.54,20.11,21.82,1014,,,52,3.53,141,,,,,,66,803,Clouds,broken clouds,04d
284652000,1979-01-08 14:00:00 +0000 UTC,10800,Addis Ababa,9.019194,38.752463,21.03,,11.09,20.57,20.15,21.77,1013,,,53,3.11,143,,,,,,85,804,Clouds,overcast clouds,04d
284655600,1979-01-08 15:00:00 +0000 UTC,10800,Addis Ababa,9.019194,38.752463,17.02,,9.21,16.34,16.24,17.75,1014,,,60,3.36,138,,,,,,89,804,Clouds,overcast clouds,04d
284659200,1979-01-08 16:00:00 +0000 UTC,10800,Addis Ababa,9.019194,38.752463,15.97,,9.4,15.32,15.29,16.63,1016,,,65,1.94,140,,,,,,95,804,Clouds,overcast clouds,04n
284662800,1979-01-08 17:00:00 +0000 UTC,10800,Addis Ababa,9.019194,38.752463,14.82,,9.83,14.24,14.05,15.48,1017,,,72,1,88,,0.22,,,,98,500,Rain,light rain,10n
284666400,1979-01-08 18:00:00 +0000 UTC,10800,Addis Ababa,9.019194,38.752463,14.02,,9.86,13.46,13.34,14.66,1018,,,76,1.34,86,,,,,,88,804,Clouds,overcast clouds,04n
284670000,1979-01-08 19:00:00 +0000 UTC,10800,Addis Ababa,9.019194,38.752463,13.46,,10.08,12.95,12.67,14.17,1018,,,80,1.27,89,,,,,,59,803,Clouds,broken clouds,04n
284673600,1979-01-08 20:00:00 +0000 UTC,10800,Addis Ababa,9.019194,38.752463,12.86,,10.23,12.39,11.96,13.59,1019,,,84,1.09,88,,,,,,57,803,Clouds,broken clouds,04n
284677200,1979-01-08 21:00:00 +0000 UTC,10800,Addis Ababa,9.019194,38.752463,12.08,,9.81,11.59,11.38,12.8,1019,,,86,0.48,99,,0.14,,,,51,500,Rain,light rain,10n
284680800,1979-01-08 22:00:00 +0000 UTC,10800,Addis Ababa,9.019194,38.752463,12.02,,9.93,11.55,11.53,12.79,1019,,,87,0.78,264,,,,,,45,802,Clouds,scattered clouds,03n
284684400,1979-01-08 23:00:00 +0000 UTC,10800,Addis Ababa,9.019194,38.752463,11.97,,10.05,11.52,11.31,12.74,1018,,,88,0.91,285,,,,,,46,802,Clouds,scattered clouds,03n
284688000,1979-01-09 00:00:00 +0000 UTC,10800,Addis Ababa,9.019194,38.752463,10.67,,8.77,10.09,10.1,11.36,1018,,,88,0.95,263,,,,,,74,803,Clouds,broken clouds,04n
284691600,1979-01-09 01:00:00 +0000 UTC,10800,Addis Ababa,9.019194,38.752463,10.67,,9.26,10.17,9.85,11.63,1018,,,91,0.79,224,,,,,,76,803,Clouds,broken clouds,04n
284695200,1979-01-09 02:00:00 +0000 UTC,10800,Addis Ababa,9.019194,38.752463,11.04,,9.3,10.52,10.32,11.94,1019,,,89,0.44,241,,,,,,78,803,Clouds,broken clouds,04n
284698800,1979-01-09 03:00:00 +0000 UTC,10800,Addis Ababa,9.019194,38.752463,11.63,,9.88,11.17,10.96,12.45,1019,,,89,0.51,284,,,,,,84,803,Clouds,broken clouds,04n
284702400,1979-01-09 04:00:00 +0000 UTC,10800,Addis Ababa,9.019194,38.752463,11.28,,9.87,10.84,10.44,12.17,1020,,,91,0.59,335,,,,,,92,804,Clouds,overcast clouds,04d
284706000,1979-01-09 05:00:00 +0000 UTC,10800,Addis Ababa,9.019194,38.752463,13.74,,10.36,13.26,13.23,14.35,1020,,,80,0.51,352,,,,,,77,803,Clouds,broken clouds,04d
284709600,1979-01-09 06:00:00 +0000 UTC,10800,Addis Ababa,9.019194,38.752463,14.18,,10.02,13.64,13.4,15.86,1020,,,76,0.47,272,,,,,,74,803,Clouds,broken clouds,04d
284713200,1979-01-09 07:00:00 +0000 UTC,10800,Addis Ababa,9.019194,38.752463,14.85,,9.86,14.27,14,15.97,1019,,,72,0.89,237,,,,,,78,803,Clouds,broken clouds,04d
284716800,1979-01-09 08:00:00 +0000 UTC,10800,Addis Ababa,9.019194,38.752463,15.42,,9.55,14.79,14.59,16.49,1018,,,68,1.48,233,,,,,,91,804,Clouds,overcast clouds,04d
284720400,1979-01-09 09:00:00 +0000 UTC,10800,Addis Ababa,9.019194,38.752463,20.14,,10.55,19.62,19.48,20.92,1016,,,54,1.99,229,,,,,,71,803,Clouds,broken clouds,04d
284724000,1979-01-09 10:00:00 +0000 UTC,10800,Addis Ababa,9.019194,38.752463,21.35,,10.51,20.85,20.36,22.47,1015,,,50,2.43,237,,,,,,73,803,Clouds,broken clouds,04d
284727600,1979-01-09 11:00:00 +0000 UTC,10800,Addis Ababa,9.019194,38.752463,21.99,,10.17,21.47,21.22,22.82,1014,,,47,2.52,231,,,,,,64,803,Clouds,broken clouds,04d
284731200,1979-01-09 12:00:00 +0000 UTC,10800,Addis Ababa,9.019194,38.752463,21.56,,9.46,20.97,21.06,22.08,1012,,,46,2.48,227,,,,,,73,803,Clouds,broken clouds,04d
284734800,1979-01-09 13:00:00 +0000 UTC,10800,Addis Ababa,9.019194,38.752463,21.21,,8.82,20.56,20.86,21.85,1012,,,45,2.48,222,,,,,,86,804,Clouds,overcast clouds,04d
284738400,1979-01-09 14:00:00 +0000 UTC,10800,Addis Ababa,9.019194,38.752463,20.35,,8.68,19.67,20.04,21.13,1012,,,47,3.09,231,,,,,,94,804,Clouds,overcast clouds,04d
284742000,1979-01-09 15:00:00 +0000 UTC,10800,Addis Ababa,9.019194,38.752463,16.94,,9.86,16.33,15.81,18.26,1014,,,63,1.56,251,,2.41,,,,95,501,Rain,moderate rain,10d
284745600,1979-01-09 16:00:00 +0000 UTC,10800,Addis Ababa,9.019194,38.752463,15.76,,10.73,15.27,14.78,16.9,1015,,,72,0.85,9,,0.64,,,,94,500,Rain,light rain,10n
284749200,1979-01-09 17:00:00 +0000 UTC,10800,Addis Ababa,9.019194,38.752463,15.05,,10.86,14.6,14.15,15.9,1016,,,76,1.25,19,,0.35,,,,98,500,Rain,light rain,10n
284752800,1979-01-09 18:00:00 +0000 UTC,10800,Addis Ababa,9.019194,38.752463,14.12,,11.28,13.75,13.36,14.93,1017,,,83,0.99,38,,0.65,,,,97,500,Rain,light rain,10n
284756400,1979-01-09 19:00:00 +0000 UTC,10800,Addis Ababa,9.019194,38.752463,13.69,,11.39,13.36,13.01,14.33,1018,,,86,1.17,58,,0.61,,,,99,500,Rain,light rain,10n
284760000,1979-01-09 20:00:00 +0000 UTC,10800,Addis Ababa,9.019194,38.752463,13.07,,11.47,12.78,12.18,14.12,1019,,,90,1,75,,0.74,,,,95,500,Rain,light rain,10n
284763600,1979-01-09 21:00:00 +0000 UTC,10800,Addis Ababa,9.019194,38.752463,12.51,,11.25,12.22,11.51,13.57,1018,,,92,0.77,62,,0.29,,,,95,500,Rain,light rain,10n
284767200,1979-01-09 22:00:00 +0000 UTC,10800,Addis Ababa,9.019194,38.752463,11.94,,10.68,11.59,10.85,13.15,1018,,,92,0.73,65,,,,,,87,804,Clouds,overcast clouds,04n
284770800,1979-01-09 23:00:00 +0000 UTC,10800,Addis Ababa,9.019194,38.752463,11.66,,10.41,11.28,10.57,13.02,1018,,,92,0.81,42,,0.19,,,,64,500,Rain,light rain,10n
284774400,1979-01-10 00:00:00 +0000 UTC,10800,Addis Ababa,9.019194,38.752463,10.63,,8.89,10.07,10.01,11.38,1017,,,89,0.78,28,,,,,,50,802,Clouds,scattered clouds,03n
284778000,1979-01-10 01:00:00 +0000 UTC,10800,Addis Ababa,9.019194,38.752463,11.08,,9.17,10.54,10.49,11.64,1017,,,88,0.66,13,,,,,,39,802,Clouds,scattered clouds,03n
284781600,1979-01-10 02:00:00 +0000 UTC,10800,Addis Ababa,9.019194,38.752463,11.5,,9.58,11,10.47,12.65,1018,,,88,0.56,353,,0.11,,,,39,500,Rain,light rain,10n
284785200,1979-01-10 03:00:00 +0000 UTC,10800,Addis Ababa,9.019194,38.752463,12.7,,10.42,12.27,11.92,13.76,1018,,,86,0.57,337,,,,,,41,802,Clouds,scattered clouds,03n
284788800,1979-01-10 04:00:00 +0000 UTC,10800,Addis Ababa,9.019194,38.752463,12.22,,9.95,11.74,11.89,12.46,1018,,,86,0.8,349,,,,,,52,803,Clouds,broken clouds,04d
284792400,1979-01-10 05:00:00 +0000 UTC,10800,Addis Ababa,9.019194,38.752463,13.59,,10.76,13.17,12.81,14.63,1019,,,83,0.68,348,,,,,,36,802,Clouds,scattered clouds,03d
284796000,1979-01-10 06:00:00 +0000 UTC,10800,Addis Ababa,9.019194,38.752463,15.41,,11.6,15.04,14.44,16.57,1019,,,78,0.63,171,,,,,,26,802,Clouds,scattered clouds,03d
284799600,1979-01-10 07:00:00 +0000 UTC,10800,Addis Ababa,9.019194,38.752463,15.83,,10.8,15.35,14.89,17.07,1018,,,72,1.88,181,,0.11,,,,33,500,Rain,light rain,10d
284803200,1979-01-10 08:00:00 +0000 UTC,10800,Addis Ababa,9.019194,38.752463,16.64,,10.49,16.11,15.65,17.88,1017,,,67,2.51,185,,0.11,,,,31,500,Rain,light rain,10d
284806800,1979-01-10 09:00:00 +0000 UTC,10800,Addis Ababa,9.019194,38.752463,19.52,,9.97,18.94,18.85,20.39,1016,,,54,2.71,186,,,,,,26,802,Clouds,scattered clouds,03d
284810400,1979-01-10 10:00:00 +0000 UTC,10800,Addis Ababa,9.019194,38.752463,21.64,,11.08,21.19,21.15,22.26,1014,,,51,2.79,185,,,,,,52,803,Clouds,broken clouds,04d
284814000,1979-01-10 11:00:00 +0000 UTC,10800,Addis Ababa,9.019194,38.752463,22.11,,11.51,21.71,21.46,22.82,1013,,,51,2.78,180,,,,,,48,802,Clouds,scattered clouds,03d
284817600,1979-01-10 12:00:00 +0000 UTC,10800,Addis Ababa,9.019194,38.752463,21.96,,11.37,21.54,21.32,22.62,1012,,,51,2.86,179,,,,,,53,803,Clouds,broken clouds,04d
284821200,1979-01-10 13:00:00 +0000 UTC,10800,Addis Ababa,9.019194,38.752463,21.37,,12.78,21.08,20.37,22.23,1012,,,58,2.63,174,,1.39,,,,64,501,Rain,moderate rain,10d
284824800,1979-01-10 14:00:00 +0000 UTC,10800,Addis Ababa,9.019194,38.752463,20.23,,11.71,19.82,19.61,20.87,1011,,,58,3.57,158,,1.7,,,,67,501,Rain,moderate rain,10d
284828400,1979-01-10 15:00:00 +0000 UTC,10800,Addis Ababa,9.019194,38.752463,15.75,,9.42,15.1,15.04,16.45,1015,,,66,1.55,152,,0.32,,,,86,500,Rain,light rain,10d
284832000,1979-01-10 16:00:00 +0000 UTC,10800,Addis Ababa,9.019194,38.752463,14.8,,10.62,14.32,14.25,15.29,1016,,,76,1.15,78,,1,,,,94,500,Rain,light rain,10n
284835600,1979-01-10 17:00:00 +0000 UTC,10800,Addis Ababa,9.019194,38.752463,14.03,,11.55,13.71,13.46,14.75,1017,,,85,1.1,67,,0.71,,,,93,500,Rain,light rain,10n
284839200,1979-01-10 18:00:00 +0000 UTC,10800,Addis Ababa,9.019194,38.752463,13.73,,11.78,13.46,13.17,14.39,1018,,,88,0.73,60,,0.82,,,,96,500,Rain,light rain,10n
284842800,1979-01-10 19:00:00 +0000 UTC,10800,Addis Ababa,9.019194,38.752463,13.32,,12.05,13.11,12.53,14.07,1018,,,92,0.6,122,,0.16,,,,89,500,Rain,light rain,10n
284846400,1979-01-10 20:00:00 +0000 UTC,10800,Addis Ababa,9.019194,38.752463,12.96,,12.02,12.77,12.1,13.82,1018,,,94,0.9,155,,0.25,,,,85,500,Rain,light rain,10n
284850000,1979-01-10 21:00:00 +0000 UTC,10800,Addis Ababa,9.019194,38.752463,12.66,,11.88,12.46,11.82,13.65,1018,,,95,0.94,169,,0.18,,,,76,500,Rain,light rain,10n
284853600,1979-01-10 22:00:00 +0000 UTC,10800,Addis Ababa,9.019194,38.752463,11.84,,10.91,11.53,11.05,12.56,1019,,,94,1,223,,0.15,,,,75,500,Rain,light rain,10n
284857200,1979-01-10 23:00:00 +0000 UTC,10800,Addis Ababa,9.019194,38.752463,11.78,,10.85,11.47,11.06,12.55,1018,,,94,0.48,206,,,,,,76,803,Clouds,broken clouds,04n
284860800,1979-01-11 00:00:00 +0000 UTC,10800,Addis Ababa,9.019194,38.752463,11.74,,10.97,11.45,10.83,12.72,1018,,,95,0.47,162,,,,,,78,803,Clouds,broken clouds,04n
284864400,1979-01-11 01:00:00 +0000 UTC,10800,Addis Ababa,9.019194,38.752463,11.82,,11.05,11.54,11.04,12.73,1018,,,95,0.61,113,,,,,,82,803,Clouds,broken clouds,04n
284868000,1979-01-11 02:00:00 +0000 UTC,10800,Addis Ababa,9.019194,38.752463,11.8,,11.03,11.52,11.05,12.68,1018,,,95,0.55,93,,,,,,80,803,Clouds,broken clouds,04n
284871600,1979-01-11 03:00:00 +0000 UTC,10800,Addis Ababa,9.019194,38.752463,13.54,,11.42,13.22,12.88,14.24,1018,,,87,0.54,101,,,,,,83,803,Clouds,broken clouds,04n
284875200,1979-01-11 04:00:00 +0000 UTC,10800,Addis Ababa,9.019194,38.752463,13.43,,11.31,13.1,12.79,14.08,1018,,,87,0.47,121,,,,,,84,803,Clouds,broken clouds,04d
284878800,1979-01-11 05:00:00 +0000 UTC,10800,Addis Ababa,9.019194,38.752463,13.37,,11.25,13.03,12.71,14.06,1019,,,87,0.76,107,,,,,,74,803,Clouds,broken clouds,04d
284882400,1979-01-11 06:00:00 +0000 UTC,10800,Addis Ababa,9.019194,38.752463,13.74,10000,8.79,13.05,12.86,14.78,1019,,,72,4.1,80,,,,,,75,803,Clouds,broken clouds,04d
284886000,1979-01-11 07:00:00 +0000 UTC,10800,Addis Ababa,9.019194,38.752463,13.88,,10.49,13.41,13.31,14.66,1018,,,80,2.32,139,,0.2,,,,45,500,Rain,light rain,10d
284889600,1979-01-11 08:00:00 +0000 UTC,10800,Addis Ababa,9.019194,38.752463,14.07,,10.3,13.57,13.47,15.09,1017,,,78,2.86,145,,0.2,,,,47,500,Rain,light rain,10d
284893200,1979-01-11 09:00:00 +0000 UTC,10800,Addis Ababa,9.019194,38.752463,18,,10.38,17.45,17.73,18.74,1016,,,61,3.26,146,,0.14,,,,56,500,Rain,light rain,10d
284896800,1979-01-11 10:00:00 +0000 UTC,10800,Addis Ababa,9.019194,38.752463,20.56,,11.49,20.13,20.21,21.22,1014,,,56,3.43,144,,0.12,,,,59,500,Rain,light rain,10d
284900400,1979-01-11 11:00:00 +0000 UTC,10800,Addis Ababa,9.019194,38.752463,20.42,,11.36,19.98,19.95,21.07,1013,,,56,3.4,139,,0.1,,,,57,500,Rain,light rain,10d
284904000,1979-01-11 12:00:00 +0000 UTC,10800,Addis Ababa,9.019194,38.752463,19.88,,10.85,19.39,19.55,20.22,1013,,,56,3.42,134,,1.61,,,,66,501,Rain,moderate rain,10d
284907600,1979-01-11 13:00:00 +0000 UTC,10800,Addis Ababa,9.019194,38.752463,19.42,,11.46,18.98,18.88,20.11,1013,,,60,4.26,131,,1.41,,,,61,501,Rain,moderate rain,10d
284911200,1979-01-11 14:00:00 +0000 UTC,10800,Addis Ababa,9.019194,38.752463,20.08,,13.07,19.81,19.32,21.37,1014,,,64,3.44,122,,0.32,,,,53,500,Rain,light rain,10d
284914800,1979-01-11 15:00:00 +0000 UTC,10800,Addis Ababa,9.019194,38.752463,14.92,,11.12,14.5,14.21,16.06,1015,,,78,3.4,115,,0.15,,,,74,500,Rain,light rain,10d
284918400,1979-01-11 16:00:00 +0000 UTC,10800,Addis Ababa,9.019194,38.752463,14.07,,11.05,13.67,13.43,15.04,1016,,,82,2.4,109,,0.12,,,,87,500,Rain,light rain,10n
284922000,1979-01-11 17:00:00 +0000 UTC,10800,Addis Ababa,9.019194,38.752463,13.75,,11.28,13.4,13.19,14.53,1017,,,85,1.96,112,,,,,,88,804,Clouds,overcast clouds,04n
284925600,1979-01-11 18:00:00 +0000 UTC,10800,Addis Ababa,9.019194,38.752463,13.47,,11.52,13.17,12.94,14.24,1018,,,88,1.84,110,,0.12,,,,89,500,Rain,light rain,10n
284929200,1979-01-11 19:00:00 +0000 UTC,10800,Addis Ababa,9.019194,38.752463,13.12,,11.85,12.89,12.37,14.03,1019,,,92,1.95,109,,,,,,68,803,Clouds,broken clouds,04n
284932800,1979-01-11 20:00:00 +0000 UTC,10800,Addis Ababa,9.019194,38.752463,12.6,,11.66,12.37,11.94,13.49,1019,,,94,1.97,104,,,,,,69,803,Clouds,broken clouds,04n
284936400,1979-01-11 21:00:00 +0000 UTC,10800,Addis Ababa,9.019194,38.752463,12.16,,11.38,11.91,11.44,13.06,1019,,,95,1.86,101,,,,,,77,803,Clouds,broken clouds,04n
284940000,1979-01-11 22:00:00 +0000 UTC,10800,Addis Ababa,9.019194,38.752463,11.77,,10.84,11.46,11.13,12.69,1018,,,94,1.44,107,,,,,,85,804,Clouds,overcast clouds,04n
284943600,1979-01-11 23:00:00 +0000 UTC,10800,Addis Ababa,9.019194,38.752463,11.78,,11.01,11.49,11.13,12.71,1018,,,95,1.38,101,,,,,,84,803,Clouds,broken clouds,04n
284947200,1979-01-12 00:00:00 +0000 UTC,10800,Addis Ababa,9.019194,38.752463,11.41,,10.32,11.03,10.78,12.37,1017,,,93,0.99,78,,,,,,81,803,Clouds,broken clouds,04n
284950800,1979-01-12 01:00:00 +0000 UTC,10800,Addis Ababa,9.019194,38.752463,11.3,,10.21,10.91,10.59,12.22,1017,,,93,0.72,66,,,,,,82,803,Clouds,broken clouds,04n
284954400,1979-01-12 02:00:00 +0000 UTC,10800,Addis Ababa,9.019194,38.752463,11.24,,10.47,10.9,10.4,12.11,1017,,,95,0.85,48,,,,,,77,803,Clouds,broken clouds,04n
284958000,1979-01-12 03:00:00 +0000 UTC,10800,Addis Ababa,9.019194,38.752463,11.54,,10.29,11.15,10.88,12.34,1018,,,92,0.56,74,,,,,,84,803,Clouds,broken clouds,04n
284961600,1979-01-12 04:00:00 +0000 UTC,10800,Addis Ababa,9.019194,38.752463,11.43,,10.34,11.06,10.77,12.22,1018,,,93,0.63,86,,,,,,89,804,Clouds,overcast clouds,04d
284965200,1979-01-12 05:00:00 +0000 UTC,10800,Addis Ababa,9.019194,38.752463,13.34,,10.87,12.95,12.44,14.37,1019,,,85,1.18,96,,,,,,76,803,Clouds,broken clouds,04d
284968800,1979-01-12 06:00:00 +0000 UTC,10800,Addis Ababa,9.019194,38.752463,14.92,,11.31,14.53,14.02,15.91,1019,,,79,2.28,105,,,,,,48,802,Clouds,scattered clouds,03d
284972400,1979-01-12 07:00:00 +0000 UTC,10800,Addis Ababa,9.019194,38.752463,15.65,,11.04,15.2,14.84,16.68,1018,,,74,2.68,120,,,,,,48,802,Clouds,scattered clouds,03d
284976000,1979-01-12 08:00:00 +0000 UTC,10800,Addis Ababa,9.019194,38.752463,15.84,,10.81,15.36,15.01,16.99,1017,,,72,3.14,134,,0.13,,,,51,500,Rain,light rain,10d
284979600,1979-01-12 09:00:00 +0000 UTC,10800,Addis Ababa,9.019194,38.752463,18.65,,11.47,18.22,17.9,19.51,1016,,,63,3.26,142,,0.11,,,,64,500,Rain,light rain,10d
284983200,1979-01-12 10:00:00 +0000 UTC,10800,Addis Ababa,9.019194,38.752463,20.17,,10.85,19.68,19.51,21.01,1015,,,55,3.1,139,,0.15,,,,67,500,Rain,light rain,10d
284986800,1979-01-12 11:00:00 +0000 UTC,10800,Addis Ababa,9.019194,38.752463,19.53,,10.79,19.03,18.86,20.21,1014,,,57,3.44,142,,1.39,,,,67,501,Rain,moderate rain,10d
284990400,1979-01-12 12:00:00 +0000 UTC,10800,Addis Ababa,9.019194,38.752463,19.27,,11.32,18.82,18.57,19.94,1014,,,60,3.39,139,,1.32,,,,64,501,Rain,moderate rain,10d
284994000,1979-01-12 13:00:00 +0000 UTC,10800,Addis Ababa,9.019194,38.752463,19.39,,11.18,18.93,18.77,20.03,1014,,,59,3.69,135,,0.19,,,,88,500,Rain,light rain,10d
284997600,1979-01-12 14:00:00 +0000 UTC,10800,Addis Ababa,9.019194,38.752463,19.51,,11.55,19.08,18.68,20.06,1014,,,60,3.22,123,,,,,,94,804,Clouds,overcast clouds,04d
285001200,1979-01-12 15:00:00 +0000 UTC,10800,Addis Ababa,9.019194,38.752463,14.99,,9.78,14.4,14.49,15.55,1015,,,71,2.88,123,,,,,,88,804,Clouds,overcast clouds,04d
285004800,1979-01-12 16:00:00 +0000 UTC,10800,Addis Ababa,9.019194,38.752463,14.04,,10.46,13.56,13.59,14.74,1017,,,79,1.59,91,,0.1,,,,99,500,Rain,light rain,10n
285008400,1979-01-12 17:00:00 +0000 UTC,10800,Addis Ababa,9.019194,38.752463,13.57,,11.1,13.2,13.1,14.35,1017,,,85,2.07,88,,0.82,,,,96,500,Rain,light rain,10n
285012000,1979-01-12 18:00:00 +0000 UTC,10800,Addis Ababa,9.019194,38.752463,13.48,,11.53,13.18,12.93,14.17,1018,,,88,1.89,97,,1.69,,,,96,501,Rain,moderate rain,10n
285015600,1979-01-12 19:00:00 +0000 UTC,10800,Addis Ababa,9.019194,38.752463,13.37,,11.77,13.11,12.67,14.15,1019,,,90,1.66,107,,0.4,,,,99,500,Rain,light rain,10n
285019200,1979-01-12 20:00:00 +0000 UTC,10800,Addis Ababa,9.019194,38.752463,13,,11.73,12.76,12.27,13.88,1019,,,92,1.65,109,,1.33,,,,99,501,Rain,moderate rain,10n
285022800,1979-01-12 21:00:00 +0000 UTC,10800,Addis Ababa,9.019194,38.752463,12.6,,11.34,12.32,11.82,13.64,1019,,,92,1.31,104,,1.01,,,,100,501,Rain,moderate rain,10n
285026400,1979-01-12 22:00:00 +0000 UTC,10800,Addis Ababa,9.019194,38.752463,12.79,,11.69,12.55,11.9,13.84,1018,,,93,0.83,115,,0.93,,,,100,500,Rain,light rain,10n
285030000,1979-01-12 23:00:00 +0000 UTC,10800,Addis Ababa,9.019194,38.752463,12.95,,11.68,12.7,12.04,14.04,1017,,,92,0.8,113,,0.75,,,,98,500,Rain,light rain,10n
285033600,1979-01-13 00:00:00 +0000 UTC,10800,Addis Ababa,9.019194,38.752463,13.03,,12.09,12.84,11.99,14.24,1017,,,94,0.53,127,,0.77,,,,95,500,Rain,light rain,10n
285037200,1979-01-13 01:00:00 +0000 UTC,10800,Addis Ababa,9.019194,38.752463,12.7,,12.24,12.56,11.66,14.01,1017,,,97,0.3,196,,1.49,,,,88,501,Rain,moderate rain,10n
285040800,1979-01-13 02:00:00 +0000 UTC,10800,Addis Ababa,9.019194,38.752463,12.53,,11.59,12.29,11.49,13.97,1017,,,94,0.39,231,,1.87,,,,96,501,Rain,moderate rain,10n
285044400,1979-01-13 03:00:00 +0000 UTC,10800,Addis Ababa,9.019194,38.752463,12.21,,11.43,11.97,11.69,12.86,1017,,,95,0.77,182,,0.58,,,,98,500,Rain,light rain,10n
285048000,1979-01-13 04:00:00 +0000 UTC,10800,Addis Ababa,9.019194,38.752463,12.68,,11.9,12.48,11.73,14.06,1018,,,95,0.87,151,,0.65,,,,97,500,Rain,light rain,10d
285051600,1979-01-13 05:00:00 +0000 UTC,10800,Addis Ababa,9.019194,38.752463,12.78,,12,12.59,11.77,14.1,1018,,,95,1.25,131,,0.45,,,,96,500,Rain,light rain,10d
285055200,1979-01-13 06:00:00 +0000 UTC,10800,Addis Ababa,9.019194,38.752463,13.51,,12.4,13.34,12.62,14.57,1019,,,93,1.41,137,,0.34,,,,100,500,Rain,light rain,10d
285058800,1979-01-13 07:00:00 +0000 UTC,10800,Addis Ababa,9.019194,38.752463,14.41,,12.96,14.28,13.62,15.53,1019,,,91,1.6,138,,1.29,,,,97,501,Rain,moderate rain,10d
285062400,1979-01-13 08:00:00 +0000 UTC,10800,Addis Ababa,9.019194,38.752463,15.21,,13.24,15.08,14.56,16.22,1019,,,88,1.7,128,,1.3,,,,99,501,Rain,moderate rain,10d
285066000,1979-01-13 09:00:00 +0000 UTC,10800,Addis Ababa,9.019194,38.752463,16.42,,13.53,16.28,15.85,17.41,1018,,,83,1.81,118,,0.68,,,,91,500,Rain,light rain,10d
285069600,1979-01-13 10:00:00 +0000 UTC,10800,Addis Ababa,9.019194,38.752463,17.31,,13.83,17.19,16.54,18.29,1016,,,80,1.49,120,,0.43,,,,85,500,Rain,light rain,10d
285073200,1979-01-13 11:00:00 +0000 UTC,10800,Addis Ababa,9.019194,38.752463,17.42,,12.95,17.18,16.6,18.29,1014,,,75,2.31,101,,0.21,,,,81,500,Rain,light rain,10d
285076800,1979-01-13 12:00:00 +0000 UTC,10800,Addis Ababa,9.019194,38.752463,18.27,,13.14,18.03,17.74,19.19,1014,,,72,2.75,128,,0.93,,,,88,500,Rain,light rain,10d
285080400,1979-01-13 13:00:00 +0000 UTC,10800,Addis Ababa,9.019194,38.752463,17.18,,11.88,16.81,16.64,17.7,1014,,,71,3.22,129,,2.4,,,,91,501,Rain,moderate rain,10d
285084000,1979-01-13 14:00:00 +0000 UTC,10800,Addis Ababa,9.019194,38.752463,17.44,,12.34,17.12,16.74,18.37,1015,,,72,2.71,137,,0.12,,,,94,500,Rain,light rain,10d
285087600,1979-01-13 15:00:00 +0000 UTC,10800,Addis Ababa,9.019194,38.752463,15.11,,11.88,14.79,14.36,16.06,1016,,,81,1.85,129,,,,,,93,804,Clouds,overcast clouds,04d
285091200,1979-01-13 16:00:00 +0000 UTC,10800,Addis Ababa,9.019194,38.752463,14.4,,12.27,14.17,13.66,15.38,1017,,,87,0.96,107,,0.1,,,,98,500,Rain,light rain,10n
285094800,1979-01-13 17:00:00 +0000 UTC,10800,Addis Ababa,9.019194,38.752463,14.22,,12.26,14,13.53,15.19,1018,,,88,0.92,127,,0.17,,,,97,500,Rain,light rain,10n
285098400,1979-01-13 18:00:00 +0000 UTC,10800,Addis Ababa,9.019194,38.752463,12.66,,11.4,12.38,12.06,13.5,1018,,,92,0.78,117,,0.3,,,,96,500,Rain,light rain,10n
285102000,1979-01-13 19:00:00 +0000 UTC,10800,Addis Ababa,9.019194,38.752463,12.39,,11.61,12.17,11.73,13.37,1019,,,95,0.36,25,,0.38,,,,97,500,Rain,light rain,10n
285105600,1979-01-13 20:00:00 +0000 UTC,10800,Addis Ababa,9.019194,38.752463,12.08,,11.46,11.85,11.54,12.97,1019,,,96,0.62,290,,0.32,,,,99,500,Rain,light rain,10n
285109200,1979-01-13 21:00:00 +0000 UTC,10800,Addis Ababa,9.019194,38.752463,11.93,,11.47,11.71,11.2,13.09,1018,,,97,0.69,63,,0.28,,,,98,500,Rain,light rain,10n
285112800,1979-01-13 22:00:00 +0000 UTC,10800,Addis Ababa,9.019194,38.752463,11.88,,11.42,11.66,11,13.05,1018,,,97,0.69,111,,0.34,,,,87,500,Rain,light rain,10n
285116400,1979-01-13 23:00:00 +0000 UTC,10800,Addis Ababa,9.019194,38.752463,11.75,,11.44,11.54,10.8,12.96,1018,,,98,0.72,105,,0.15,,,,84,500,Rain,light rain,10n
285120000,1979-01-14 00:00:00 +0000 UTC,10800,Addis Ababa,9.019194,38.752463,11.7,,11.39,11.48,10.81,12.85,1017,,,98,0.57,135,,0.12,,,,91,500,Rain,light rain,10n
285123600,1979-01-14 01:00:00 +0000 UTC,10800,Addis Ababa,9.019194,38.752463,11.45,,11.15,11.21,10.62,12.64,1017,,,98,0.55,175,,0.21,,,,100,500,Rain,light rain,10n
285127200,1979-01-14 02:00:00 +0000 UTC,10800,Addis Ababa,9.019194,38.752463,11.42,,11.12,11.18,10.66,12.46,1018,,,98,0.31,132,,0.16,,,,100,500,Rain,light rain,10n
285130800,1979-01-14 03:00:00 +0000 UTC,10800,Addis Ababa,9.019194,38.752463,11.96,,10.86,11.64,11.24,12.79,1018,,,93,0.42,56,,0.17,,,,100,500,Rain,light rain,10n
285134400,1979-01-14 04:00:00 +0000 UTC,10800,Addis Ababa,9.019194,38.752463,11.99,,10.89,11.67,11.33,12.76,1019,,,93,0.38,64,,0.19,,,,100,500,Rain,light rain,10d
285138000,1979-01-14 05:00:00 +0000 UTC,10800,Addis Ababa,9.019194,38.752463,12,,10.9,11.68,11.46,12.67,1019,,,93,0.78,89,,0.23,,,,98,500,Rain,light rain,10d
285141600,1979-01-14 06:00:00 +0000 UTC,10800,Addis Ababa,9.019194,38.752463,12.37,10000,11.27,12.09,11.52,13.11,1019,,,93,3.1,210,,0.23,,,,100,500,Rain,light rain,10d
285145200,1979-01-14 07:00:00 +0000 UTC,10800,Addis Ababa,9.019194,38.752463,12.77,,11.67,12.53,11.64,13.83,1019,,,93,1.27,134,,0.31,,,,96,500,Rain,light rain,10d
285148800,1979-01-14 08:00:00 +0000 UTC,10800,Addis Ababa,9.019194,38.752463,12.75,,11.48,12.48,11.47,13.81,1019,,,92,1.58,132,,0.46,,,,88,500,Rain,light rain,10d
285152400,1979-01-14 09:00:00 +0000 UTC,10800,Addis Ababa,9.019194,38.752463,16.39,,13.68,16.28,15.06,17.47,1017,,,84,1.92,129,,0.2,,,,58,500,Rain,light rain,10d
285156000,1979-01-14 10:00:00 +0000 UTC,10800,Addis Ababa,9.019194,38.752463,17.71,,13.43,17.52,16.81,18.73,1016,,,76,2.3,152,,0.15,,,,45,500,Rain,light rain,10d
285159600,1979-01-14 11:00:00 +0000 UTC,10800,Addis Ababa,9.019194,38.752463,18.56,,13.42,18.35,17.7,19.54,1014,,,72,3.1,162,,0.2,,,,62,500,Rain,light rain,10d
285163200,1979-01-14 12:00:00 +0000 UTC,10800,Addis Ababa,9.019194,38.752463,18.25,,12.25,17.91,17.32,19.23,1014,,,68,3.48,168,,2.48,,,,86,501,Rain,moderate rain,10d
285166800,1979-01-14 13:00:00 +0000 UTC,10800,Addis Ababa,9.019194,38.752463,17.34,,11.6,16.93,16.13,18.5,1014,,,69,3.45,175,,1.34,,,,80,501,Rain,moderate rain,10d
285170400,1979-01-14 14:00:00 +0000 UTC,10800,Addis Ababa,9.019194,38.752463,16.05,,11.01,15.59,15.39,16.92,1015,,,72,2.64,163,,,,,,94,804,Clouds,overcast clouds,04d
285174000,1979-01-14 15:00:00 +0000 UTC,10800,Addis Ababa,9.019194,38.752463,15.43,,11.81,15.09,14.72,16.24,1015,,,79,1.38,122,,,,,,94,804,Clouds,overcast clouds,04d
285177600,1979-01-14 16:00:00 +0000 UTC,10800,Addis Ababa,9.019194,38.752463,14.61,,12.47,14.4,13.71,15.5,1016,,,87,1.33,131,,,,,,95,804,Clouds,overcast clouds,04n
285181200,1979-01-14 17:00:00 +0000 UTC,10800,Addis Ababa,9.019194,38.752463,13.87,,12.26,13.66,13.09,14.77,1017,,,90,1.36,149,,,,,,97,804,Clouds,overcast clouds,04n
285184800,1979-01-14 18:00:00 +0000 UTC,10800,Addis Ababa,9.019194,38.752463,13.05,,11.62,12.79,12.26,13.96,1017,,,91,0.74,125,,,,,,93,804,Clouds,overcast clouds,04n
285188400,1979-01-14 19:00:00 +0000 UTC,10800,Addis Ababa,9.019194,38.752463,12.14,,11.04,11.84,11.58,12.77,1018,,,93,0.75,64,,,,,,90,804,Clouds,overcast clouds,04n
285192000,1979-01-14 20:00:00 +0000 UTC,10800,Addis Ababa,9.019194,38.752463,12.22,,11.12,11.93,11.58,13.06,1018,,,93,0.61,59,,0.63,,,,90,500,Rain,light rain,10n
285195600,1979-01-14 21:00:00 +0000 UTC,10800,Addis Ababa,9.019194,38.752463,11.81,,11.19,11.55,10.81,12.74,1019,,,96,0.55,182,,0.89,,,,88,500,Rain,light rain,10n
285199200,1979-01-14 22:00:00 +0000 UTC,10800,Addis Ababa,9.019194,38.752463,11.57,,11.11,11.32,10.64,12.51,1018,,,97,0.17,177,,0.22,,,,90,500,Rain,light rain,10n
285202800,1979-01-14 23:00:00 +0000 UTC,10800,Addis Ababa,9.019194,38.752463,11.75,,11.13,11.49,10.91,12.67,1018,,,96,0.66,308,,,,,,90,804,Clouds,overcast clouds,04n
285206400,1979-01-15 00:00:00 +0000 UTC,10800,Addis Ababa,9.019194,38.752463,11.25,,10.79,10.96,10.5,12,1017,,,97,1.14,323,,0.11,,,,95,500,Rain,light rain,10n
285210000,1979-01-15 01:00:00 +0000 UTC,10800,Addis Ababa,9.019194,38.752463,11.28,,10.67,10.97,10.59,12.03,1017,,,96,0.87,342,,,,,,93,804,Clouds,overcast clouds,04n
285213600,1979-01-15 02:00:00 +0000 UTC,10800,Addis Ababa,9.019194,38.752463,11.16,,10.7,10.86,10.57,11.82,1017,,,97,0.78,352,,0.12,,,,83,500,Rain,light rain,10n
285217200,1979-01-15 03:00:00 +0000 UTC,10800,Addis Ababa,9.019194,38.752463,11.08,,10.62,10.78,10.49,11.81,1017,,,97,0.84,346,,0.18,,,,89,500,Rain,light rain,10n
285220800,1979-01-15 04:00:00 +0000 UTC,10800,Addis Ababa,9.019194,38.752463,10.95,,10.65,10.66,10.1,11.94,1018,,,98,0.94,338,,0.26,,,,92,500,Rain,light rain,10d
285224400,1979-01-15 05:00:00 +0000 UTC,10800,Addis Ababa,9.019194,38.752463,11.97,,11.19,11.7,11.2,12.91,1019,,,95,0.88,354,,0.18,,,,85,500,Rain,light rain,10d
285228000,1979-01-15 06:00:00 +0000 UTC,10800,Addis Ababa,9.019194,38.752463,13.04,,11.61,12.78,12.31,13.98,1019,,,91,0.38,33,,,,,,76,803,Clouds,broken clouds,04d
285231600,1979-01-15 07:00:00 +0000 UTC,10800,Addis Ababa,9.019194,38.752463,14.57,,12.43,14.35,13.85,15.47,1019,,,87,0.24,139,,0.11,,,,50,500,Rain,light rain,10d
285235200,1979-01-15 08:00:00 +0000 UTC,10800,Addis Ababa,9.019194,38.752463,15.85,,12.79,15.63,15.09,16.92,1018,,,82,0.85,181,,0.18,,,,76,500,Rain,light rain,10d
285238800,1979-01-15 09:00:00 +0000 UTC,10800,Addis Ababa,9.019194,38.752463,17.3,,13.23,17.1,16.64,18.3,1017,,,77,1.41,177,,0.23,,,,88,500,Rain,light rain,10d
285242400,1979-01-15 10:00:00 +0000 UTC,10800,Addis Ababa,9.019194,38.752463,17.63,,13.55,17.46,16.64,18.89,1015,,,77,1.69,189,,0.29,,,,85,500,Rain,light rain,10d
285246000,1979-01-15 11:00:00 +0000 UTC,10800,Addis Ababa,9.019194,38.752463,18.1,,13.19,17.87,17.19,19.38,1014,,,73,1.93,193,,0.31,,,,80,500,Rain,light rain,10d
285249600,1979-01-15 12:00:00 +0000 UTC,10800,Addis Ababa,9.019194,38.752463,17.06,,11.98,16.7,16.4,18.21,1012,,,72,2.39,192,,0.76,,,,77,500,Rain,light rain,10d
285253200,1979-01-15 13:00:00 +0000 UTC,10800,Addis Ababa,9.019194,38.752463,16.18,,10.71,15.68,15.56,17.09,1013,,,70,2.38,172,,2.67,,,,91,501,Rain,moderate rain,10d
285256800,1979-01-15 14:00:00 +0000 UTC,10800,Addis Ababa,9.019194,38.752463,14.76,,10.97,14.33,14.03,15.7,1014,,,78,2.01,153,,1.99,,,,95,501,Rain,moderate rain,10d
285260400,1979-01-15 15:00:00 +0000 UTC,10800,Addis Ababa,9.019194,38.752463,14.59,,12.28,14.35,13.46,15.62,1015,,,86,2.12,136,,0.95,,,,97,500,Rain,light rain,10d
285264000,1979-01-15 16:00:00 +0000 UTC,10800,Addis Ababa,9.019194,38.752463,14.44,,12.82,14.29,13.58,15.38,1016,,,90,0.94,43,,0.32,,,,98,500,Rain,light rain,10n
285267600,1979-01-15 17:00:00 +0000 UTC,10800,Addis Ababa,9.019194,38.752463,13.59,,12.15,13.38,12.64,14.48,1017,,,91,0.95,89,,,,,,100,804,Clouds,overcast clouds,04n
285271200,1979-01-15 18:00:00 +0000 UTC,10800,Addis Ababa,9.019194,38.752463,12.62,,11.36,12.34,11.85,13.74,1018,,,92,0.8,137,,,,,,100,804,Clouds,overcast clouds,04n
285274800,1979-01-15 19:00:00 +0000 UTC,10800,Addis Ababa,9.019194,38.752463,12.74,,11.8,12.52,11.66,13.98,1018,,,94,1.49,146,,,,,,100,804,Clouds,overcast clouds,04n
285278400,1979-01-15 20:00:00 +0000 UTC,10800,Addis Ababa,9.019194,38.752463,12.37,,11.75,12.17,11.42,13.59,1019,,,96,0.33,64,,,,,,98,804,Clouds,overcast clouds,04n
285282000,1979-01-15 21:00:00 +0000 UTC,10800,Addis Ababa,9.019194,38.752463,11.53,,11.07,11.27,10.81,12.23,1019,,,97,0.25,358,,,,,,100,804,Clouds,overcast clouds,04n
285285600,1979-01-15 22:00:00 +0000 UTC,10800,Addis Ababa,9.019194,38.752463,11.04,,10.58,10.73,10.18,12.11,1018,,,97,0.39,37,,0.13,,,,100,500,Rain,light rain,10n
285289200,1979-01-15 23:00:00 +0000 UTC,10800,Addis Ababa,9.019194,38.752463,10.72,,10.42,10.41,9.93,11.69,1017,,,98,0.83,24,,,,,,99,804,Clouds,overcast clouds,04n
285292800,1979-01-16 00:00:00 +0000 UTC,10800,Addis Ababa,9.019194,38.752463,10.49,,10.19,10.15,9.61,11.51,1017,,,98,0.96,6,,,,,,100,804,Clouds,overcast clouds,04n
285296400,1979-01-16 01:00:00 +0000 UTC,10800,Addis Ababa,9.019194,38.752463,10.04,,9.89,9.68,9.13,11.04,1016,,,99,1.11,356,,,,,,99,804,Clouds,overcast clouds,04n
285300000,1979-01-16 02:00:00 +0000 UTC,10800,Addis Ababa,9.019194,38.752463,9.89,,9.74,9.89,8.92,10.72,1017,,,99,1.13,1,,,,,,100,804,Clouds,overcast clouds,04n
285303600,1979-01-16 03:00:00 +0000 UTC,10800,Addis Ababa,9.019194,38.752463,9.68,,9.38,9.68,8.69,10.5,1017,,,98,1.11,9,,,,,,100,804,Clouds,overcast clouds,04n
285307200,1979-01-16 04:00:00 +0000 UTC,10800,Addis Ababa,9.019194,38.752463,9.88,,9.43,9.88,8.98,10.66,1018,,,97,1.13,22,,,,,,76,803,Clouds,broken clouds,04d
285310800,1979-01-16 05:00:00 +0000 UTC,10800,Addis Ababa,9.019194,38.752463,11.1,,10.01,10.69,10.2,12.03,1019,,,93,1.17,34,,,,,,83,803,Clouds,broken clouds,04d
285314400,1979-01-16 06:00:00 +0000 UTC,10800,Addis Ababa,9.019194,38.752463,12.93,,11.5,12.65,11.83,14.07,1019,,,91,0.85,92,,,,,,60,803,Clouds,broken clouds,04d
285318000,1979-01-16 07:00:00 +0000 UTC,10800,Addis Ababa,9.019194,38.752463,14.56,,10.38,14.06,13.57,15.78,1019,,,76,1.81,123,,,,,,33,802,Clouds,scattered clouds,03d
285321600,1979-01-16 08:00:00 +0000 UTC,10800,Addis Ababa,9.019194,38.752463,15.99,,10.31,15.45,15.06,17.16,1017,,,69,2.43,131,,,,,,30,802,Clouds,scattered clouds,03d
285325200,1979-01-16 09:00:00 +0000 UTC,10800,Addis Ababa,9.019194,38.752463,18.64,,12.17,18.28,17.66,19.76,1016,,,66,2.83,138,,,,,,49,802,Clouds,scattered clouds,03d
285328800,1979-01-16 10:00:00 +0000 UTC,10800,Addis Ababa,9.019194,38.752463,19.19,,13.15,18.94,18.3,20.23,1015,,,68,2.9,155,,0.14,,,,58,500,Rain,light rain,10d
285332400,1979-01-16 11:00:00 +0000 UTC,10800,Addis Ababa,9.019194,38.752463,18.63,,13.06,18.38,18.09,19.28,1014,,,70,3.99,154,,0.64,,,,54,500,Rain,light rain,10d
285336000,1979-01-16 12:00:00 +0000 UTC,10800,Addis Ababa,9.019194,38.752463,17.14,,11.84,16.76,16.45,17.6,1014,,,71,4.38,139,,2.15,,,,56,501,Rain,moderate rain,10d
285339600,1979-01-16 13:00:00 +0000 UTC,10800,Addis Ababa,9.019194,38.752463,16.09,,11.25,15.66,15.33,16.78,1013,,,73,4.64,125,,0.64,,,,71,500,Rain,light rain,10d
285343200,1979-01-16 14:00:00 +0000 UTC,10800,Addis Ababa,9.019194,38.752463,15.83,,11.21,15.4,15.13,16.67,1014,,,74,3.62,106,,0.1,,,,77,500,Rain,light rain,10d
285346800,1979-01-16 15:00:00 +0000 UTC,10800,Addis Ababa,9.019194,38.752463,14.76,,10.77,14.3,13.97,15.69,1015,,,77,2.33,109,,,,,,82,803,Clouds,broken clouds,04d
285350400,1979-01-16 16:00:00 +0000 UTC,10800,Addis Ababa,9.019194,38.752463,14.02,,11.36,13.67,13.16,14.86,1015,,,84,1.4,108,,,,,,94,804,Clouds,overcast clouds,04n
285354000,1979-01-16 17:00:00 +0000 UTC,10800,Addis Ababa,9.019194,38.752463,13.44,,11.32,13.11,12.61,14.24,1016,,,87,1.49,110,,,,,,99,804,Clouds,overcast clouds,04n
285357600,1979-01-16 18:00:00 +0000 UTC,10800,Addis Ababa,9.019194,38.752463,13.03,,10.92,12.66,12.55,13.81,1017,,,87,1.4,108,,,,,,100,804,Clouds,overcast clouds,04n
285361200,1979-01-16 19:00:00 +0000 UTC,10800,Addis Ababa,9.019194,38.752463,12.67,,11.24,12.37,11.96,13.76,1018,,,91,1.44,109,,,,,,99,804,Clouds,overcast clouds,04n
285364800,1979-01-16 20:00:00 +0000 UTC,10800,Addis Ababa,9.019194,38.752463,12.12,,11.34,11.87,11.21,13.31,1019,,,95,1.27,84,,,,,,100,804,Clouds,overcast clouds,04n
285368400,1979-01-16 21:00:00 +0000 UTC,10800,Addis Ababa,9.019194,38.752463,12.25,,11.47,12.01,11.4,13.35,1018,,,95,0.84,87,,,,,,100,804,Clouds,overcast clouds,04n
285372000,1979-01-16 22:00:00 +0000 UTC,10800,Addis Ababa,9.019194,38.752463,11.4,,10.79,11.1,10.63,12.41,1018,,,96,0.59,115,,,,,,98,804,Clouds,overcast clouds,04n
285375600,1979-01-16 23:00:00 +0000 UTC,10800,Addis Ababa,9.019194,38.752463,10.81,,10.51,10.51,9.9,11.93,1018,,,98,0.86,29,,,,,,95,804,Clouds,overcast clouds,04n
285379200,1979-01-17 00:00:00 +0000 UTC,10800,Addis Ababa,9.019194,38.752463,10.72,,10.42,10.41,9.79,11.72,1017,,,98,0.92,33,,,,,,97,804,Clouds,overcast clouds,04n
285382800,1979-01-17 01:00:00 +0000 UTC,10800,Addis Ababa,9.019194,38.752463,10.37,,10.07,10.02,9.45,11.39,1017,,,98,1.05,38,,,,,,83,803,Clouds,broken clouds,04n
285386400,1979-01-17 02:00:00 +0000 UTC,10800,Addis Ababa,9.019194,38.752463,9.98,,9.68,9.98,8.96,10.92,1017,,,98,1.2,27,,,,,,80,803,Clouds,broken clouds,04n
285390000,1979-01-17 03:00:00 +0000 UTC,10800,Addis Ababa,9.019194,38.752463,12.66,,11.4,12.38,11.68,13.64,1017,,,92,1.29,28,,,,,,92,804,Clouds,overcast clouds,04n
285393600,1979-01-17 04:00:00 +0000 UTC,10800,Addis Ababa,9.019194,38.752463,12.53,,11.27,12.24,11.6,13.59,1018,,,92,1.55,38,,,,,,99,804,Clouds,overcast clouds,04d
285397200,1979-01-17 05:00:00 +0000 UTC,10800,Addis Ababa,9.019194,38.752463,13.05,,10.76,12.66,12.42,13.96,1019,,,86,1.53,57,,,,,,72,803,Clouds,broken clouds,04d
285400800,1979-01-17 06:00:00 +0000 UTC,10800,Addis Ababa,9.019194,38.752463,13.99,10000,9.83,13.43,12.98,14.78,1019,,,76,6.2,90,,,,,,40,802,Clouds,scattered clouds,03d
285404400,1979-01-17 07:00:00 +0000 UTC,10800,Addis Ababa,9.019194,38.752463,14.33,,10.16,13.8,13.51,15.34,1019,,,76,4.16,103,,,,,,61,803,Clouds,broken clouds,04d
285408000,1979-01-17 08:00:00 +0000 UTC,10800,Addis Ababa,9.019194,38.752463,14.56,,9.98,14,13.59,15.76,1017,,,74,4.53,114,,0.16,,,,53,500,Rain,light rain,10d
285411600,1979-01-17 09:00:00 +0000 UTC,10800,Addis Ababa,9.019194,38.752463,18.26,,10.37,17.71,17.46,19.36,1017,,,60,4.69,119,,0.15,,,,73,500,Rain,light rain,10d
285415200,1979-01-17 10:00:00 +0000 UTC,10800,Addis Ababa,9.019194,38.752463,18.32,,11.16,17.85,17.91,19.08,1016,,,63,4.07,119,,,,,,88,804,Clouds,overcast clouds,04d
285418800,1979-01-17 11:00:00 +0000 UTC,10800,Addis Ababa,9.019194,38.752463,18.82,,11.15,18.35,18.25,19.57,1015,,,61,3.98,114,,,,,,92,804,Clouds,overcast clouds,04d
285422400,1979-01-17 12:00:00 +0000 UTC,10800,Addis Ababa,9.019194,38.752463,18.93,,11.25,18.47,18.4,19.45,1014,,,61,3.96,109,,,,,,91,804,Clouds,overcast clouds,04d
285426000,1979-01-17 13:00:00 +0000 UTC,10800,Addis Ababa,9.019194,38.752463,18.22,,11.07,17.74,17.63,18.83,1014,,,63,3.88,110,,1.31,,,,92,501,Rain,moderate rain,10d
285429600,1979-01-17 14:00:00 +0000 UTC,10800,Addis Ababa,9.019194,38.752463,16.89,,10.51,16.36,16.37,17.9,1015,,,66,3.59,102,,1.29,,,,86,501,Rain,moderate rain,10d
285433200,1979-01-17 15:00:00 +0000 UTC,10800,Addis Ababa,9.019194,38.752463,14.99,,10.2,14.45,14.47,16,1015,,,73,2.85,99,,,,,,98,804,Clouds,overcast clouds,04d
285436800,1979-01-17 16:00:00 +0000 UTC,10800,Addis Ababa,9.019194,38.752463,14.19,,10.6,13.73,13.61,15.1,1017,,,79,2.48,103,,,,,,71,803,Clouds,broken clouds,04n
285440400,1979-01-17 17:00:00 +0000 UTC,10800,Addis Ababa,9.019194,38.752463,13.52,,11.05,13.15,12.85,14.43,1018,,,85,2.72,110,,,,,,75,803,Clouds,broken clouds,04n
285444000,1979-01-17 18:00:00 +0000 UTC,10800,Addis Ababa,9.019194,38.752463,13.12,,11.18,12.79,12.52,13.97,1019,,,88,2.62,99,,,,,,68,803,Clouds,broken clouds,04n
285447600,1979-01-17 19:00:00 +0000 UTC,10800,Addis Ababa,9.019194,38.752463,12.96,,11.36,12.66,12.23,13.96,1020,,,90,2.5,95,,,,,,72,803,Clouds,broken clouds,04n
285451200,1979-01-17 20:00:00 +0000 UTC,10800,Addis Ababa,9.019194,38.752463,12.5,,11.24,12.21,11.75,13.58,1020,,,92,2.4,90,,,,,,78,803,Clouds,broken clouds,04n
285454800,1979-01-17 21:00:00 +0000 UTC,10800,Addis Ababa,9.019194,38.752463,12.13,,11.03,11.83,11.35,13.27,1020,,,93,2.39,86,,,,,,84,803,Clouds,broken clouds,04n
285458400,1979-01-17 22:00:00 +0000 UTC,10800,Addis Ababa,9.019194,38.752463,10.72,,9.64,10.28,10.1,11.71,1019,,,93,1.59,80,,,,,,92,804,Clouds,overcast clouds,04n
285462000,1979-01-17 23:00:00 +0000 UTC,10800,Addis Ababa,9.019194,38.752463,10.54,,9.62,10.1,9.81,11.63,1019,,,94,1.49,75,,,,,,78,803,Clouds,broken clouds,04n
285465600,1979-01-18 00:00:00 +0000 UTC,10800,Addis Ababa,9.019194,38.752463,10.44,,9.52,9.99,9.54,11.51,1018,,,94,1.28,86,,,,,,75,803,Clouds,broken clouds,04n
285469200,1979-01-18 01:00:00 +0000 UTC,10800,Addis Ababa,9.019194,38.752463,10.25,,9.33,9.79,9.2,11.28,1019,,,94,1.32,99,,,,,,82,803,Clouds,broken clouds,04n
285472800,1979-01-18 02:00:00 +0000 UTC,10800,Addis Ababa,9.019194,38.752463,11.25,,10.48,10.91,10.19,12.33,1019,,,95,1.47,104,,,,,,83,803,Clouds,broken clouds,04n
285476400,1979-01-18 03:00:00 +0000 UTC,10800,Addis Ababa,9.019194,38.752463,12.83,,11.23,12.52,11.85,13.92,1019,,,90,1.78,100,,,,,,86,804,Clouds,overcast clouds,04n
285480000,1979-01-18 04:00:00 +0000 UTC,10800,Addis Ababa,9.019194,38.752463,12.91,,11.31,12.61,12.09,13.99,1020,,,90,2.02,89,,,,,,84,803,Clouds,broken clouds,04d
285483600,1979-01-18 05:00:00 +0000 UTC,10800,Addis Ababa,9.019194,38.752463,13.21,,10.92,12.83,12.44,14.22,1020,,,86,2.92,85,,,,,,70,803,Clouds,broken clouds,04d
285487200,1979-01-18 06:00:00 +0000 UTC,10800,Addis Ababa,9.019194,38.752463,13.79,,9.64,13.21,12.89,14.93,1020,,,76,4.38,92,,,,,,50,802,Clouds,scattered clouds,03d
285490800,1979-01-18 07:00:00 +0000 UTC,10800,Addis Ababa,9.019194,38.752463,14.26,,8.66,13.54,13.41,15.44,1020,,,69,4.84,101,,,,,,62,803,Clouds,broken clouds,04d
285494400,1979-01-18 08:00:00 +0000 UTC,10800,Addis Ababa,9.019194,38.752463,14.59,,8.32,13.83,13.82,15.78,1020,,,66,4.91,107,,,,,,73,803,Clouds,broken clouds,04d
285498000,1979-01-18 09:00:00 +0000 UTC,10800,Addis Ababa,9.019194,38.752463,17.98,,9.35,17.32,17.19,19.13,1018,,,57,5.06,112,,,,,,86,804,Clouds,overcast clouds,04d
285501600,1979-01-18 10:00:00 +0000 UTC,10800,Addis Ababa,9.019194,38.752463,21.3,,9.54,20.71,20.6,22.19,1017,,,47,4.69,114,,,,,,52,803,Clouds,broken clouds,04d
285505200,1979-01-18 11:00:00 +0000 UTC,10800,Addis Ababa,9.019194,38.752463,21.19,,9.44,20.59,20.44,22.08,1015,,,47,4.68,114,,,,,,45,802,Clouds,scattered clouds,03d
285508800,1979-01-18 12:00:00 +0000 UTC,10800,Addis Ababa,9.019194,38.752463,21.16,,9.73,20.58,20.49,21.95,1015,,,48,4.92,113,,,,,,46,802,Clouds,scattered clouds,03d
285512400,1979-01-18 13:00:00 +0000 UTC,10800,Addis Ababa,9.019194,38.752463,20.94,,10.14,20.4,20.22,21.71,1015,,,50,4.9,112,,,,,,15,801,Clouds,few clouds,02d
285516000,1979-01-18 14:00:00 +0000 UTC,10800,Addis Ababa,9.019194,38.752463,20.65,,10.74,20.15,20.03,21.36,1015,,,53,4.77,109,,,,,,23,801,Clouds,few clouds,02d
285519600,1979-01-18 15:00:00 +0000 UTC,10800,Addis Ababa,9.019194,38.752463,15.6,,9.05,14.91,14.96,16.38,1015,,,65,3.62,106,,,,,,30,802,Clouds,scattered clouds,03d
285523200,1979-01-18 16:00:00 +0000 UTC,10800,Addis Ababa,9.019194,38.752463,13.62,,9.08,12.97,13.09,14.43,1017,,,74,2.35,87,,,,,,59,803,Clouds,broken clouds,04n
285526800,1979-01-18 17:00:00 +0000 UTC,10800,Addis Ababa,9.019194,38.752463,12.7,,9.53,12.14,11.99,13.66,1018,,,81,2.06,78,,,,,,86,804,Clouds,overcast clouds,04n
285530400,1979-01-18 18:00:00 +0000 UTC,10800,Addis Ababa,9.019194,38.752463,12.03,,9.76,11.53,11.15,13.07,1019,,,86,2.02,80,,,,,,80,803,Clouds,broken clouds,04n
285534000,1979-01-18 19:00:00 +0000 UTC,10800,Addis Ababa,9.019194,38.752463,11.33,,9.75,10.87,10.33,12.45,1020,,,90,1.85,79,,,,,,77,803,Clouds,broken clouds,04n
285537600,1979-01-18 20:00:00 +0000 UTC,10800,Addis Ababa,9.019194,38.752463,10.71,,9.63,10.26,9.69,11.82,1020,,,93,1.81,82,,,,,,56,803,Clouds,broken clouds,04n
285541200,1979-01-18 21:00:00 +0000 UTC,10800,Addis Ababa,9.019194,38.752463,9.89,,9.13,9.43,8.7,11.09,1020,,,95,1.59,87,,,,,,33,802,Clouds,scattered clouds,03n
285544800,1979-01-18 22:00:00 +0000 UTC,10800,Addis Ababa,9.019194,38.752463,10.27,,9.82,9.89,9.01,11.8,1019,,,97,1.51,79,,,,,,29,802,Clouds,scattered clouds,03n
285548400,1979-01-18 23:00:00 +0000 UTC,10800,Addis Ababa,9.019194,38.752463,10.35,,9.9,9.97,9.12,11.73,1019,,,97,1.17,69,,,,,,42,802,Clouds,scattered clouds,03n
285552000,1979-01-19 00:00:00 +0000 UTC,10800,Addis Ababa,9.019194,38.752463,10.24,,9.79,9.85,9.09,11.59,1019,,,97,1.14,56,,,,,,74,803,Clouds,broken clouds,04n
285555600,1979-01-19 01:00:00 +0000 UTC,10800,Addis Ababa,9.019194,38.752463,9.93,,9.48,9.93,8.6,11.21,1019,,,97,0.9,37,,,,,,71,803,Clouds,broken clouds,04n
285559200,1979-01-19 02:00:00 +0000 UTC,10800,Addis Ababa,9.019194,38.752463,9.55,,9.1,9.55,8.37,10.83,1019,,,97,1.24,42,,,,,,84,803,Clouds,broken clouds,04n
285562800,1979-01-19 03:00:00 +0000 UTC,10800,Addis Ababa,9.019194,38.752463,11.73,,9.98,11.28,10.72,12.69,1019,,,89,1.2,45,,,,,,95,804,Clouds,overcast clouds,04n
285566400,1979-01-19 04:00:00 +0000 UTC,10800,Addis Ababa,9.019194,38.752463,11.63,,9.88,11.17,10.66,12.59,1019,,,89,1.41,44,,,,,,99,804,Clouds,overcast clouds,04d
285570000,1979-01-19 05:00:00 +0000 UTC,10800,Addis Ababa,9.019194,38.752463,11.89,,8.92,11.28,10.82,12.87,1020,,,82,1.4,52,,,,,,100,804,Clouds,overcast clouds,04d
285573600,1979-01-19 06:00:00 +0000 UTC,10800,Addis Ababa,9.019194,38.752463,13.47,10000,8.32,12.73,12.52,14.59,1020,,,71,8.2,60,,,,,,40,802,Clouds,scattered clouds,03d
285577200,1979-01-19 07:00:00 +0000 UTC,10800,Addis Ababa,9.019194,38.752463,14.05,,8.02,13.26,13.14,15.18,1020,,,67,3.22,110,,,,,,100,804,Clouds,overcast clouds,04d
285580800,1979-01-19 08:00:00 +0000 UTC,10800,Addis Ababa,9.019194,38.752463,14.45,,7.96,13.65,13.6,15.53,1019,,,65,3.53,119,,,,,,98,804,Clouds,overcast clouds,04d
285584400,1979-01-19 09:00:00 +0000 UTC,10800,Addis Ababa,9.019194,38.752463,18.85,,8.51,18.12,18.05,19.91,1018,,,51,3.73,124,,,,,,100,804,Clouds,overcast clouds,04d
285588000,1979-01-19 10:00:00 +0000 UTC,10800,Addis Ababa,9.019194,38.752463,20.08,,8.74,19.4,19.45,20.86,1017,,,48,3.38,131,,,,,,70,803,Clouds,broken clouds,04d
285591600,1979-01-19 11:00:00 +0000 UTC,10800,Addis Ababa,9.019194,38.752463,20.32,,8.65,19.63,19.68,21.13,1015,,,47,3.75,134,,,,,,66,803,Clouds,broken clouds,04d
285595200,1979-01-19 12:00:00 +0000 UTC,10800,Addis Ababa,9.019194,38.752463,20.27,,8.6,19.58,19.57,21.02,1014,,,47,3.99,135,,,,,,55,803,Clouds,broken clouds,04d
285598800,1979-01-19 13:00:00 +0000 UTC,10800,Addis Ababa,9.019194,38.752463,19.96,,8.63,19.26,19.26,20.67,1014,,,48,3.97,137,,,,,,69,803,Clouds,broken clouds,04d
285602400,1979-01-19 14:00:00 +0000 UTC,10800,Addis Ababa,9.019194,38.752463,18.81,,9.04,18.13,18.18,19.47,1014,,,53,3.69,133,,,,,,70,803,Clouds,broken clouds,04d
285606000,1979-01-19 15:00:00 +0000 UTC,10800,Addis Ababa,9.019194,38.752463,17.12,,9.3,16.45,16.51,17.88,1014,,,60,2.24,118,,,,,,86,804,Clouds,overcast clouds,04d
285609600,1979-01-19 16:00:00 +0000 UTC,10800,Addis Ababa,9.019194,38.752463,14.75,,10.37,14.24,13.81,15.62,1016,,,75,2.44,87,,,,,,94,804,Clouds,overcast clouds,04n
285613200,1979-01-19 17:00:00 +0000 UTC,10800,Addis Ababa,9.019194,38.752463,13.54,,10.16,13.04,12.66,14.32,1016,,,80,2.31,81,,,,,,94,804,Clouds,overcast clouds,04n
285616800,1979-01-19 18:00:00 +0000 UTC,10800,Addis Ababa,9.019194,38.752463,11.58,,8.97,10.99,10.71,12.31,1017,,,84,2.27,66,,,,,,95,804,Clouds,overcast clouds,04n
285620400,1979-01-19 19:00:00 +0000 UTC,10800,Addis Ababa,9.019194,38.752463,10.61,,8.54,10,9.85,11.32,1018,,,87,1.85,75,,,,,,48,802,Clouds,scattered clouds,03n
285624000,1979-01-19 20:00:00 +0000 UTC,10800,Addis Ababa,9.019194,38.752463,10.44,,8.71,9.86,9.5,11.38,1017,,,89,2.25,86,,,,,,16,801,Clouds,few clouds,02n
285627600,1979-01-19 21:00:00 +0000 UTC,10800,Addis Ababa,9.019194,38.752463,9.74,,8.18,8.7,8.81,10.79,1018,,,90,2.24,98,,,,,,8,800,Clear,sky is clear,01n
285631200,1979-01-19 22:00:00 +0000 UTC,10800,Addis Ababa,9.019194,38.752463,9.46,,8.39,8.77,8.44,10.67,1018,,,93,1.77,99,,,,,,10,800,Clear,sky is clear,01n
285634800,1979-01-19 23:00:00 +0000 UTC,10800,Addis Ababa,9.019194,38.752463,9.02,,7.95,9.02,8.21,9.89,1018,,,93,1.19,69,,,,,,20,801,Clouds,few clouds,02n
285638400,1979-01-20 00:00:00 +0000 UTC,10800,Addis Ababa,9.019194,38.752463,9.03,,8.12,9.03,8.03,9.84,1018,,,94,0.96,36,,,,,,25,802,Clouds,scattered clouds,03n
285642000,1979-01-20 01:00:00 +0000 UTC,10800,Addis Ababa,9.019194,38.752463,9.23,,8.47,9.23,8.47,10.15,1018,,,95,0.72,17,,,,,,41,802,Clouds,scattered clouds,03n
285645600,1979-01-20 02:00:00 +0000 UTC,10800,Addis Ababa,9.019194,38.752463,9.14,,8.38,9.14,8.32,9.97,1018,,,95,0.79,20,,,,,,46,802,Clouds,scattered clouds,03n
285649200,1979-01-20 03:00:00 +0000 UTC,10800,Addis Ababa,9.019194,38.752463,12.01,,9.92,11.54,11.19,12.75,1019,,,87,0.91,22,,,,,,43,802,Clouds,scattered clouds,03n
285652800,1979-01-20 04:00:00 +0000 UTC,10800,Addis Ababa,9.019194,38.752463,11.93,,10.01,11.48,10.97,12.74,1019,,,88,1.01,26,,,,,,46,802,Clouds,scattered clouds,03d
285656400,1979-01-20 05:00:00 +0000 UTC,10800,Addis Ababa,9.019194,38.752463,12.32,,9.7,11.8,11.75,12.94,1020,,,84,0.82,54,,,,,,44,802,Clouds,scattered clouds,03d
285660000,1979-01-20 06:00:00 +0000 UTC,10800,Addis Ababa,9.019194,38.752463,13.64,,10.26,13.15,12.57,14.72,1020,,,80,1.35,116,,,,,,39,802,Clouds,scattered clouds,03d
285663600,1979-01-20 07:00:00 +0000 UTC,10800,Addis Ababa,9.019194,38.752463,14.12,,10.35,13.62,12.81,15.45,1019,,,78,1.64,136,,,,,,42,802,Clouds,scattered clouds,03d
285667200,1979-01-20 08:00:00 +0000 UTC,10800,Addis Ababa,9.019194,38.752463,14.53,,9.96,13.97,13.33,15.78,1019,,,74,1.76,160,,0.13,,,,50,500,Rain,light rain,10d
285670800,1979-01-20 09:00:00 +0000 UTC,10800,Addis Ababa,9.019194,38.752463,18.68,,10,18.09,17.81,19.76,1018,,,57,1.83,172,,0.21,,,,66,500,Rain,light rain,10d
285674400,1979-01-20 10:00:00 +0000 UTC,10800,Addis Ababa,9.019194,38.752463,19.76,,10.74,19.25,19,20.81,1016,,,56,1.98,179,,0.14,,,,87,500,Rain,light rain,10d
285678000,1979-01-20 11:00:00 +0000 UTC,10800,Addis Ababa,9.019194,38.752463,19.84,,10.27,19.29,19.2,20.78,1014,,,54,2.22,177,,,,,,82,803,Clouds,broken clouds,04d
285681600,1979-01-20 12:00:00 +0000 UTC,10800,Addis Ababa,9.019194,38.752463,20,,10.14,19.44,19.27,21.08,1013,,,53,2.27,175,,0.11,,,,68,500,Rain,light rain,10d
285685200,1979-01-20 13:00:00 +0000 UTC,10800,Addis Ababa,9.019194,38.752463,19.64,,10.36,19.1,18.85,20.78,1013,,,55,2.73,175,,0.2,,,,71,500,Rain,light rain,10d
285688800,1979-01-20 14:00:00 +0000 UTC,10800,Addis Ababa,9.019194,38.752463,19.47,,11,18.99,18.76,20.66,1013,,,58,2.88,163,,,,,,93,804,Clouds,overcast clouds,04d
285692400,1979-01-20 15:00:00 +0000 UTC,10800,Addis Ababa,9.019194,38.752463,16.31,,10.18,15.75,15.73,17.46,1014,,,67,2.15,148,,,,,,99,804,Clouds,overcast clouds,04d
285696000,1979-01-20 16:00:00 +0000 UTC,10800,Addis Ababa,9.019194,38.752463,14.79,,10.41,14.28,14.25,15.75,1016,,,75,1.39,140,,,,,,98,804,Clouds,overcast clouds,04n
285699600,1979-01-20 17:00:00 +0000 UTC,10800,Addis Ababa,9.019194,38.752463,13.66,,10.28,13.17,13.34,14.15,1017,,,80,1.48,101,,0.15,,,,96,500,Rain,light rain,10n
285703200,1979-01-20 18:00:00 +0000 UTC,10800,Addis Ababa,9.019194,38.752463,12.74,,11.31,12.45,11.79,14.12,1018,,,91,1.82,86,,1.46,,,,96,501,Rain,moderate rain,10n
285706800,1979-01-20 19:00:00 +0000 UTC,10800,Addis Ababa,9.019194,38.752463,11.98,,11.05,11.69,11.02,13.15,1018,,,94,1.86,89,,,,,,78,803,Clouds,broken clouds,04n
285710400,1979-01-20 20:00:00 +0000 UTC,10800,Addis Ababa,9.019194,38.752463,11.64,,11.02,11.37,10.68,12.97,1018,,,96,1.81,96,,,,,,68,803,Clouds,broken clouds,04n
285714000,1979-01-20 21:00:00 +0000 UTC,10800,Addis Ababa,9.019194,38.752463,11.21,,10.91,10.95,9.98,12.83,1018,,,98,1.55,104,,,,,,41,802,Clouds,scattered clouds,03n
285717600,1979-01-20 22:00:00 +0000 UTC,10800,Addis Ababa,9.019194,38.752463,11.07,,10.92,10.82,9.85,12.55,1018,,,99,1.23,106,,,,,,55,803,Clouds,broken clouds,04n
285721200,1979-01-20 23:00:00 +0000 UTC,10800,Addis Ababa,9.019194,38.752463,11.25,,11.1,11.02,10.28,12.62,1018,,,99,1.2,60,,,,,,73,803,Clouds,broken clouds,04n
285724800,1979-01-21 00:00:00 +0000 UTC,10800,Addis Ababa,9.019194,38.752463,10.92,,10.77,10.65,9.7,12.42,1018,,,99,0.88,50,,,,,,81,803,Clouds,broken clouds,04n
285728400,1979-01-21 01:00:00 +0000 UTC,10800,Addis Ababa,9.019194,38.752463,10.72,,10.57,10.43,9.72,12.09,1018,,,99,1.02,38,,,,,,77,803,Clouds,broken clouds,04n
285732000,1979-01-21 02:00:00 +0000 UTC,10800,Addis Ababa,9.019194,38.752463,10.94,,10.64,10.65,10.01,12.09,1018,,,98,1.14,35,,,,,,87,804,Clouds,overcast clouds,04n
285735600,1979-01-21 03:00:00 +0000 UTC,10800,Addis Ababa,9.019194,38.752463,12.98,,12.04,12.79,12.07,14.09,1018,,,94,1.03,41,,,,,,86,804,Clouds,overcast clouds,04n
285739200,1979-01-21 04:00:00 +0000 UTC,10800,Addis Ababa,9.019194,38.752463,12.64,,11.7,12.41,11.78,13.73,1019,,,94,0.87,39,,,,,,93,804,Clouds,overcast clouds,04d
285742800,1979-01-21 05:00:00 +0000 UTC,10800,Addis Ababa,9.019194,38.752463,12.96,,11.69,12.71,12.34,13.75,1019,,,92,0.97,67,,,,,,94,804,Clouds,overcast clouds,04d
285746400,1979-01-21 06:00:00 +0000 UTC,10800,Addis Ababa,9.019194,38.752463,13.42,10000,11.3,13.09,11.86,14.49,1020,,,87,2.1,70,,,,,,75,803,Clouds,broken clouds,04d
285750000,1979-01-21 07:00:00 +0000 UTC,10800,Addis Ababa,9.019194,38.752463,14.31,,10.34,13.81,13.47,15.39,1019,,,77,2.58,119,,0.11,,,,93,500,Rain,light rain,10d
285753600,1979-01-21 08:00:00 +0000 UTC,10800,Addis Ababa,9.019194,38.752463,14.58,,10,14.03,13.6,15.81,1019,,,74,2.49,137,,0.28,,,,92,500,Rain,light rain,10d
285757200,1979-01-21 09:00:00 +0000 UTC,10800,Addis Ababa,9.019194,38.752463,18.6,,10.44,18.06,17.75,19.77,1017,,,59,2.43,146,,,,,,36,802,Clouds,scattered clouds,03d
285760800,1979-01-21 10:00:00 +0000 UTC,10800,Addis Ababa,9.019194,38.752463,20.4,,12.13,20.04,19.85,21.16,1015,,,59,2.34,158,,,,,,49,802,Clouds,scattered clouds,03d
285764400,1979-01-21 11:00:00 +0000 UTC,10800,Addis Ababa,9.019194,38.752463,20.58,,12.55,20.26,19.96,21.31,1014,,,60,2.15,163,,,,,,58,803,Clouds,broken clouds,04d
285768000,1979-01-21 12:00:00 +0000 UTC,10800,Addis Ababa,9.019194,38.752463,20.59,,12.81,20.3,19.93,21.48,1012,,,61,2.08,164,,0.12,,,,69,500,Rain,light rain,10d
285771600,1979-01-21 13:00:00 +0000 UTC,10800,Addis Ababa,9.019194,38.752463,20.92,,12.87,20.63,20.38,21.77,1012,,,60,1.53,163,,,,,,59,803,Clouds,broken clouds,04d
285775200,1979-01-21 14:00:00 +0000 UTC,10800,Addis Ababa,9.019194,38.752463,20.27,,12.76,19.97,19.51,21.3,1013,,,62,2.26,166,,1.49,,,,50,501,Rain,moderate rain,10d
285778800,1979-01-21 15:00:00 +0000 UTC,10800,Addis Ababa,9.019194,38.752463,16.11,,10.86,15.63,15.57,16.82,1014,,,71,2.55,130,,0.84,,,,76,500,Rain,light rain,10d
285782400,1979-01-21 16:00:00 +0000 UTC,10800,Addis Ababa,9.019194,38.752463,14.24,,11.03,13.83,13.44,15.09,1016,,,81,1.7,120,,0.25,,,,72,500,Rain,light rain,10n
285786000,1979-01-21 17:00:00 +0000 UTC,10800,Addis Ababa,9.019194,38.752463,13.96,,11.83,13.68,13.16,15.01,1016,,,87,1.44,98,,,,,,81,803,Clouds,broken clouds,04n
